account_id,total_amount,avg_amount,tx_count,avg_balance_diff,zero_balance_count,riskScore,class
C1350852781,117724.62,117724.62,1,0.0,1,1.98,NORMAL
C1232296520,1639005.04,1639005.04,1,0.0,1,57.92,AT_RISK
C686216096,474168.53,474168.53,1,0.0,1,20.06,NORMAL
C252799074,64820.93,64820.93,1,64820.92999999999,0,12.39,NORMAL
C916634641,7654608.06,7654608.06,1,0.0,1,91.47,FRAUD
C951262981,564838.86,564838.86,1,0.0,1,25.62,NORMAL
C1463050205,159297.15,159297.15,1,0.0,1,2.0,NORMAL
C555741402,359583.97,359583.97,1,140530.17,0,24.24,NORMAL
C1981814665,107602.98,107602.98,1,107602.98,0,15.58,NORMAL
C1994756882,3088822.75,3088822.75,1,0.0,1,75.03,AT_RISK
C146235147,3418.72,3418.72,1,0.0,1,20.11,NORMAL
C1955285919,306055.83,306055.83,1,0.0,1,6.79,NORMAL
C836558742,69896.07,69896.07,1,0.0,1,4.13,NORMAL
C1107709274,53314.02,53314.02,1,53314.020000000004,0,10.0,NORMAL
C504394070,125577.41,125577.41,1,9907.0,0,1.37,NORMAL
C1909398539,441265.15,441265.15,1,64312.0,0,19.53,NORMAL
C1621918195,242473.17,242473.17,1,42660.0,0,4.95,NORMAL
C946683577,302462.96,302462.96,1,0.0,1,6.85,NORMAL
C1202398133,294750.73,294750.73,1,107895.0,0,15.64,NORMAL
C1812065652,523260.06,523260.06,1,0.0,1,23.02,NORMAL
C403777442,382748.73,382748.73,1,0.0,1,13.76,NORMAL
C438308327,40045.64,40045.64,1,40045.640000000014,0,10.12,NORMAL
C1198166506,249590.45,249590.45,1,12552.0,0,2.87,NORMAL
C782172707,536805.32,536805.32,1,0.0,1,23.75,NORMAL
C1261845211,165283.06,165283.06,1,0.0,1,2.51,NORMAL
C2047249360,180006.23,180006.23,1,113442.0,0,13.88,NORMAL
C2033824468,333598.53,333598.53,1,29996.0,0,8.35,NORMAL
C1529191094,76241.44,76241.44,1,76241.44,0,12.39,NORMAL
C1542080619,135232.09,135232.09,1,3318.0,0,1.67,NORMAL
C298020710,2606207.49,2606207.49,1,240981.0,0,77.17,AT_RISK
C1118379317,80721.92,80721.92,1,80721.92,0,13.11,NORMAL
C1860958739,173033.2,173033.2,1,0.0,1,2.86,NORMAL
C1004028512,137989.45,137989.45,1,0.0,1,1.68,NORMAL
C1202579115,201279.62,201279.62,1,9623.0,0,2.09,NORMAL
C350618917,307641.45,307641.45,1,0.0,1,6.72,NORMAL
C1721852492,73374.86,73374.86,1,39.0,0,4.88,NORMAL
C879327738,462882.47,462882.47,1,11434.0,0,16.4,NORMAL
C1750174077,395936.32,395936.32,1,3741.0,0,11.78,NORMAL
C1481694440,267846.16,267846.16,1,86134.17,0,11.73,NORMAL
C972876081,2241630.36,2241630.36,1,2241630.36,0,87.71,FRAUD
C1600774576,82019.44,82019.44,1,0.0,1,4.41,NORMAL
C1137189607,93389.88,93389.88,1,21005.0,0,2.13,NORMAL
C1851430657,1459086.93,1459086.93,1,0.0,1,55.03,AT_RISK
C1637072341,120548.67,120548.67,1,0.0,1,2.26,NORMAL
C1268868942,4598803.99,4598803.99,1,0.0,1,83.62,FRAUD
C1164175783,1844233.25,1844233.25,1,21689.0,0,58.37,AT_RISK
C38333232,180486.42,180486.42,1,0.0,1,2.71,NORMAL
C561053618,7456.61,7456.61,1,13.0,0,14.29,NORMAL
C905442349,11006.69,11006.69,1,0.0,1,15.34,NORMAL
C727058943,111662.21,111662.21,1,0.0,1,2.67,NORMAL
C369884745,282732.69,282732.69,1,774.0,0,4.71,NORMAL
C836610743,126809.28,126809.28,1,126776.47,0,18.14,NORMAL
C1427958108,1707517.98,1707517.98,1,0.0,1,59.28,AT_RISK
C740835064,236250.51,236250.51,1,5503.0,0,3.48,NORMAL
C1262998412,147343.53,147343.53,1,21331.0,0,0.66,NORMAL
C1648273053,275180.0,275180.0,1,0.0,1,7.0,NORMAL
C1139478382,316835.97,316835.97,1,0.0,1,8.26,NORMAL
C1989561344,2379999.99,2379999.99,1,264277.05,0,77.2,AT_RISK
C1418791729,212175.33,212175.33,1,9291.0,0,2.51,NORMAL
C1501390506,134513.8,134513.8,1,50241.0,0,4.89,NORMAL
C1731711746,692604.7,692604.7,1,31685.0,0,28.62,NORMAL
C2003104872,20243.24,20243.24,1,20243.24,0,8.79,NORMAL
C1474952163,218173.3,218173.3,1,0.0,1,5.1,NORMAL
C1376595949,44870.48,44870.48,1,44870.47999999998,0,9.81,NORMAL
C295339809,366217.74,366217.74,1,5098.0,0,10.25,NORMAL
C1900180607,198661.14,198661.14,1,0.0,1,3.32,NORMAL
C247505341,235751.12,235751.12,1,129064.95,0,18.07,NORMAL
C2089807399,8729277.14,8729277.14,1,0.0,1,93.0,FRAUD
C587852177,325324.1,325324.1,1,0.0,1,8.94,NORMAL
C1320773274,336683.81,336683.81,1,6079.0,0,7.92,NORMAL
C1628721504,253176.84,253176.84,1,180626.99,0,24.79,NORMAL
C404877520,74989.56,74989.56,1,32135.0,0,4.38,NORMAL
C477469073,205654.17,205654.17,1,205654.16999999998,0,30.35,NORMAL
C480713710,1580458.45,1580458.45,1,231196.14,0,67.03,AT_RISK
C2044785767,69676.09,69676.09,1,470.0,0,5.23,NORMAL
C1569974765,216699.53,216699.53,1,0.0,1,4.96,NORMAL
C116148758,550317.64,550317.64,1,147467.0,0,38.65,NORMAL
C1129015061,93077.61,93077.61,1,0.0,1,3.73,NORMAL
C1618131348,107489.44,107489.44,1,0.0,1,3.17,NORMAL
C853359879,81030.73,81030.73,1,0.0,1,4.03,NORMAL
C533660273,2903220.73,2903220.73,1,0.0,1,73.58,AT_RISK
C663271732,136901.36,136901.36,1,0.0,1,1.54,NORMAL
C1952981890,449251.36,449251.36,1,449251.36,0,61.2,AT_RISK
C1416652046,28105.28,28105.28,1,936.0,0,9.26,NORMAL
C843545368,82585.24,82585.24,1,0.0,1,4.28,NORMAL
C1850387255,183049.79,183049.79,1,92589.0,0,9.86,NORMAL
C1325852516,307544.87,307544.87,1,0.0,1,6.72,NORMAL
C1843463116,38570.32,38570.32,1,0.0,1,6.81,NORMAL
C701548131,877282.67,877282.67,1,0.0,1,39.27,NORMAL
C734945813,125057.14,125057.14,1,77734.43,0,9.94,NORMAL
C1306343266,317071.29,317071.29,1,10488.0,0,5.52,NORMAL
C1912195711,234844.8,234844.8,1,0.0,1,5.08,NORMAL
C1773825955,257910.22,257910.22,1,257910.21999999997,0,39.25,NORMAL
C310100790,173985.01,173985.01,1,50686.0,0,3.75,NORMAL
C1112057229,64591.0,64591.0,1,0.0,1,4.7,NORMAL
C502728579,1466187.45,1466187.45,1,0.0,1,55.25,AT_RISK
C664919573,226671.05,226671.05,1,0.0,1,5.27,NORMAL
C53764087,188628.27,188628.27,1,0.0,1,3.73,NORMAL
C287018686,262256.11,262256.11,1,12213.0,0,3.9,NORMAL
C805491136,117020.35,117020.35,1,7277.0,0,2.07,NORMAL
C1630797813,1938.33,1938.33,1,0.0,1,21.03,NORMAL
C1469476682,321255.6,321255.6,1,8794.0,0,6.17,NORMAL
C1193705098,29603.22,29603.22,1,2523.0,0,8.9,NORMAL
C356232190,662372.84,662372.84,1,5061.0,0,27.86,NORMAL
C1079368103,136648.14,136648.14,1,0.0,1,1.68,NORMAL
C1134064848,364833.87,364833.87,1,0.0,1,12.04,NORMAL
C1285591640,27723.75,27723.75,1,0.0,1,10.0,NORMAL
C1698902408,146611.3,146611.3,1,0.0,1,2.01,NORMAL
C282499649,425712.08,425712.08,1,0.0,1,17.06,NORMAL
C880098201,368700.73,368700.73,1,0.0,1,12.66,NORMAL
C110478700,899790.17,899790.17,1,907.0,0,37.37,NORMAL
C2040647972,268382.74,268382.74,1,0.0,1,7.0,NORMAL
C461363022,85028.2,85028.2,1,14734.0,0,3.48,NORMAL
C2101262881,707183.95,707183.95,1,0.0,1,32.66,NORMAL
C1526371899,254040.58,254040.58,1,21345.0,0,2.5,NORMAL
C613808317,104039.8,104039.8,1,37854.0,0,4.17,NORMAL
C1182523731,93225.13,93225.13,1,491.0,0,4.54,NORMAL
C36083772,107797.44,107797.44,1,17026.0,0,2.55,NORMAL
C606045043,266951.34,266951.34,1,0.0,1,6.98,NORMAL
C781002319,189913.45,189913.45,1,34434.0,0,3.07,NORMAL
C882321820,142449.78,142449.78,1,0.0,1,1.8,NORMAL
C1409732352,387910.91,387910.91,1,84986.0,0,17.37,NORMAL
C1309565219,223464.78,223464.78,1,0.0,1,4.83,NORMAL
C829777229,278912.31,278912.31,1,7616.0,0,4.53,NORMAL
C1161843366,432691.72,432691.72,1,0.0,1,17.41,NORMAL
C210510845,1712370.7,1712370.7,1,0.0,1,59.21,AT_RISK
C213183402,137078.71,137078.71,1,137078.71,0,19.08,NORMAL
C458029957,440041.88,440041.88,1,0.0,1,17.56,NORMAL
C1874810831,465234.07,465234.07,1,0.0,1,19.64,NORMAL
C1759549752,201169.42,201169.42,1,0.0,1,3.59,NORMAL
C1068060640,353748.66,353748.66,1,2123.0,0,8.35,NORMAL
C4063444,204613.75,204613.75,1,16143.0,0,2.56,NORMAL
C908848713,135915.38,135915.38,1,0.0,1,1.61,NORMAL
C797182891,72274.67,72274.67,1,0.0,1,3.9,NORMAL
C1033074033,358181.07,358181.07,1,74934.0,0,13.72,NORMAL
C1166313279,301207.69,301207.69,1,301207.69,0,45.23,NORMAL
C921350365,150628.59,150628.59,1,0.0,1,1.74,NORMAL
C982276610,248179.93,248179.93,1,144791.64,0,19.97,NORMAL
C1528824222,934891.2,934891.2,1,0.0,1,41.22,NORMAL
C1955792345,116377.38,116377.38,1,574.0,0,3.2,NORMAL
C1050721702,213963.87,213963.87,1,0.0,1,4.94,NORMAL
C1307222398,86236.43,86236.43,1,0.0,1,3.67,NORMAL
C330337392,140496.1,140496.1,1,38930.0,0,2.99,NORMAL
C2028030370,2045606.33,2045606.33,1,14979.0,0,60.47,AT_RISK
C1497352290,441552.73,441552.73,1,441552.73,0,60.93,AT_RISK
C719385762,539519.69,539519.69,1,223.0,0,21.52,NORMAL
C945382364,220214.58,220214.58,1,107062.0,0,13.46,NORMAL
C1976835005,897791.14,897791.14,1,0.0,1,39.77,NORMAL
C1844755164,91238.2,91238.2,1,0.0,1,3.66,NORMAL
C1748354503,89636.77,89636.77,1,34414.0,0,4.35,NORMAL
C34444984,157759.43,157759.43,1,47008.0,0,3.67,NORMAL
C2013238760,137665.61,137665.61,1,0.0,1,1.57,NORMAL
C1286122816,275913.66,275913.66,1,0.0,1,7.2,NORMAL
C1870150003,2090126.59,2090126.59,1,0.0,1,64.42,AT_RISK
C1151522241,438792.46,438792.46,1,0.0,1,17.29,NORMAL
C1000755432,1735514.91,1735514.91,1,402436.73,0,77.68,AT_RISK
C32082836,382887.93,382887.93,1,742.0,0,11.02,NORMAL
C1128831400,62416.96,62416.96,1,0.0,1,4.76,NORMAL
C1847338058,500133.93,500133.93,1,103050.0,0,28.89,NORMAL
C1710453497,146286.6,146286.6,1,31023.0,0,2.43,NORMAL
C536993976,209378.03,209378.03,1,0.0,1,4.26,NORMAL
C1544045468,66417.24,66417.24,1,66417.23999999999,0,13.0,NORMAL
C1557633146,2103165.82,2103165.82,1,0.0,1,64.38,AT_RISK
C1429719357,310998.33,310998.33,1,0.0,1,7.35,NORMAL
C572744783,61870.9,61870.9,1,44404.0,0,7.65,NORMAL
C371134698,33927.08,33927.08,1,0.0,1,8.53,NORMAL
C198512161,192614.86,192614.86,1,0.0,1,3.44,NORMAL
C1444646472,2486.63,2486.63,1,0.0,1,20.84,NORMAL
C441120777,339126.75,339126.75,1,0.0,1,10.57,NORMAL
C1331583215,9459.48,9459.48,1,9459.48,0,11.99,NORMAL
C1891812296,156834.37,156834.37,1,104888.0,0,11.89,NORMAL
C113435867,54049.15,54049.15,1,0.0,1,4.8,NORMAL
C1778031093,863057.69,863057.69,1,0.0,1,38.86,NORMAL
C1116149303,149378.86,149378.86,1,0.0,1,1.66,NORMAL
C1156009864,3619101.42,3619101.42,1,0.0,1,78.95,AT_RISK
C1868339825,300946.44,300946.44,1,198568.0,0,29.33,NORMAL
C540094394,60869.55,60869.55,1,0.0,1,4.9,NORMAL
C1832914863,2652584.48,2652584.48,1,932.0,0,67.57,AT_RISK
C2058412151,69164.01,69164.01,1,0.0,1,3.96,NORMAL
C1425774002,234900.25,234900.25,1,5355.0,0,3.58,NORMAL
C984186401,125609.7,125609.7,1,0.0,1,1.81,NORMAL
C1081162458,127702.71,127702.71,1,0.0,1,1.59,NORMAL
C576669954,149311.73,149311.73,1,29793.0,0,2.12,NORMAL
C1448747899,308314.35,308314.35,1,22091.0,0,5.03,NORMAL
C1676673275,40611.05,40611.05,1,0.0,1,6.51,NORMAL
C983580890,120419.07,120419.07,1,81904.14,0,11.28,NORMAL
C1168601919,469931.18,469931.18,1,15881.0,0,16.82,NORMAL
C1590898009,73402.14,73402.14,1,73402.14,0,12.07,NORMAL
C570627314,89278.89,89278.89,1,0.0,1,3.52,NORMAL
C448039700,762667.93,762667.93,1,0.0,1,35.76,NORMAL
C1522268777,127566.68,127566.68,1,0.0,1,1.53,NORMAL
C407393183,358895.76,358895.76,1,34300.0,0,9.9,NORMAL
C1222655319,239022.35,239022.35,1,198725.0,0,27.28,NORMAL
C1910452284,123022.88,123022.88,1,0.0,1,2.1,NORMAL
C1062050493,127591.5,127591.5,1,127591.5,0,18.55,NORMAL
C1627520728,211203.23,211203.23,1,211203.23,0,31.7,NORMAL
C2006257643,5905.63,5905.63,1,5905.630000000001,0,14.42,NORMAL
C1930055532,106091.06,106091.06,1,0.0,1,3.14,NORMAL
C95716112,104877.48,104877.48,1,548.0,0,3.96,NORMAL
C586613917,617715.22,617715.22,1,0.0,1,28.45,NORMAL
C379715751,184692.45,184692.45,1,15118.0,0,1.67,NORMAL
C1979175407,72241.99,72241.99,1,0.0,1,3.9,NORMAL
C1104452071,200480.84,200480.84,1,0.0,1,3.63,NORMAL
C984348954,318680.3,318680.3,1,90556.0,0,14.36,NORMAL
C682186870,612319.44,612319.44,1,51336.0,0,28.16,NORMAL
C1356710459,108377.3,108377.3,1,33045.0,0,3.7,NORMAL
C619855158,313972.66,313972.66,1,9245.0,0,5.45,NORMAL
C477276992,73646.1,73646.1,1,31212.0,0,4.38,NORMAL
C1367301509,1043184.48,1043184.48,1,0.0,1,45.62,NORMAL
C750309982,370590.16,370590.16,1,0.0,1,12.91,NORMAL
C1353613382,148920.72,148920.72,1,50226.0,0,4.48,NORMAL
C788622974,464833.17,464833.17,1,24716.0,0,16.21,NORMAL
C1541036104,683581.32,683581.32,1,651.0,0,28.71,NORMAL
C1754790263,93223.36,93223.36,1,2674.0,0,3.9,NORMAL
C859493314,172683.62,172683.62,1,99598.0,0,11.06,NORMAL
C2129125136,197785.41,197785.41,1,0.0,1,3.46,NORMAL
C1858415989,234801.61,234801.61,1,19607.0,0,2.27,NORMAL
C1877222662,538358.92,538358.92,1,27058.0,0,21.69,NORMAL
C1093674104,153643.17,153643.17,1,26083.0,0,1.31,NORMAL
C456253021,82010.08,82010.08,1,0.0,1,4.41,NORMAL
C944899748,341152.86,341152.86,1,62331.0,0,11.92,NORMAL
C1212816507,261847.0,261847.0,1,89783.0,0,11.34,NORMAL
C1300652637,352659.78,352659.78,1,9315.0,0,8.0,NORMAL
C2128156599,294171.92,294171.92,1,60803.0,0,8.91,NORMAL
C283647255,7210.78,7210.78,1,7210.779999999999,0,14.19,NORMAL
C1532929372,240242.11,240242.11,1,0.0,1,5.24,NORMAL
C1503206660,249950.58,249950.58,1,249950.58000000002,0,37.95,NORMAL
C76595984,707938.14,707938.14,1,321524.45,0,61.09,AT_RISK
C279958624,24827.95,24827.95,1,0.0,1,11.02,NORMAL
C700774192,317675.72,317675.72,1,315227.85,0,47.01,NORMAL
C112548281,1237782.58,1237782.58,1,0.0,1,50.58,NORMAL
C1850390951,3050416.82,3050416.82,1,30544.0,0,71.74,AT_RISK
C74171179,1443.84,1443.84,1,1443.8399999999965,0,15.37,NORMAL
C1597731055,267354.21,267354.21,1,8088.0,0,4.46,NORMAL
C1912234808,436832.01,436832.01,1,1372.0,0,14.33,NORMAL
C879560687,154414.35,154414.35,1,0.0,1,2.05,NORMAL
C921021139,18642.57,18642.57,1,0.0,1,12.18,NORMAL
C624201546,11697.85,11697.85,1,0.0,1,15.03,NORMAL
C1465558559,16830.08,16830.08,1,16830.08,0,9.99,NORMAL
C1402145424,65893.46,65893.46,1,0.0,1,4.26,NORMAL
C2105752279,322396.59,322396.59,1,20257.0,0,5.43,NORMAL
C164026131,141833.3,141833.3,1,0.0,1,1.86,NORMAL
C1593579912,89442.55,89442.55,1,0.0,1,3.48,NORMAL
C776547306,1333303.89,1333303.89,1,0.0,1,52.55,NORMAL
C605693958,7456.87,7456.87,1,7456.87,0,14.08,NORMAL
C2085939177,1999517.49,1999517.49,1,0.0,1,63.74,AT_RISK
C1125952157,146592.77,146592.77,1,146592.77,0,20.7,NORMAL
C1574688701,1373771.96,1373771.96,1,10288.0,0,50.8,NORMAL
C1330633265,42338.3,42338.3,1,0.0,1,5.96,NORMAL
C1356644226,70123.49,70123.49,1,70123.49,0,12.24,NORMAL
C2050553075,400593.22,400593.22,1,138.0,0,12.37,NORMAL
C1884140553,553849.05,553849.05,1,0.0,1,24.67,NORMAL
C1548458807,93180.15,93180.15,1,12453.0,0,2.79,NORMAL
C1542074573,61334.02,61334.02,1,61334.02,0,12.0,NORMAL
C1197772218,1707313.94,1707313.94,1,0.0,1,59.28,AT_RISK
C1410403197,113056.61,113056.61,1,9975.0,0,1.78,NORMAL
C1755106667,212687.57,212687.57,1,38076.05,0,4.08,NORMAL
C583620179,157292.96,157292.96,1,0.0,1,1.98,NORMAL
C657791679,104626.78,104626.78,1,0.0,1,3.29,NORMAL
C1739498149,650559.48,650559.48,1,0.0,1,29.51,NORMAL
C1869874142,175845.68,175845.68,1,127664.0,0,16.92,NORMAL
C956645452,264914.31,264914.31,1,264914.31,0,40.9,NORMAL
C529960257,7489204.58,7489204.58,1,0.0,1,91.07,FRAUD
C1938699463,154936.85,154936.85,1,0.0,1,2.08,NORMAL
C434222152,333124.76,333124.76,1,0.0,1,9.71,NORMAL
C1436286683,488418.55,488418.55,1,0.0,1,20.7,NORMAL
C1487065057,149945.07,149945.07,1,11417.0,0,0.97,NORMAL
C16480575,297288.53,297288.53,1,0.0,1,6.84,NORMAL
C689612233,404158.59,404158.59,1,0.0,1,15.98,NORMAL
C314141490,114364.97,114364.97,1,0.0,1,2.61,NORMAL
C1200759787,86465.9,86465.9,1,50209.0,0,6.55,NORMAL
C1974982612,218364.88,218364.88,1,218364.89,0,32.82,NORMAL
C177347263,99913.36,99913.36,1,35983.0,0,4.15,NORMAL
C900342134,103894.23,103894.23,1,0.0,1,3.08,NORMAL
C970860877,217174.39,217174.39,1,0.0,1,4.95,NORMAL
C1262221515,153103.21,153103.21,1,21973.0,0,0.53,NORMAL
C787994276,30290.08,30290.08,1,0.0,1,10.04,NORMAL
C1976664518,178959.03,178959.03,1,52366.34,0,3.64,NORMAL
C1800361188,159251.15,159251.15,1,0.0,1,2.0,NORMAL
C1445662966,2469475.05,2469475.05,1,201748.0,0,73.95,AT_RISK
C1771849156,1116139.44,1116139.44,1,4027.0,0,44.4,NORMAL
C1671416184,2030334.59,2030334.59,1,0.0,1,64.11,AT_RISK
C666588065,1258255.51,1258255.51,1,261621.0,0,65.58,AT_RISK
C914370635,88479.67,88479.67,1,31798.0,0,3.96,NORMAL
C211230721,321088.8,321088.8,1,0.0,1,8.51,NORMAL
C1882951151,2045536.15,2045536.15,1,0.0,1,64.11,AT_RISK
C247983940,28080.67,28080.67,1,0.0,1,10.08,NORMAL
C423778662,2731764.99,2731764.99,1,0.0,1,72.04,AT_RISK
C1128973175,375934.49,375934.49,1,0.0,1,13.14,NORMAL
C1827811861,268367.36,268367.36,1,37340.22,0,5.95,NORMAL
C1596240321,17388.76,17388.76,1,0.0,1,12.34,NORMAL
C1340753943,26784.22,26784.22,1,0.0,1,10.27,NORMAL
C1210126366,540889.42,540889.42,1,903.0,0,21.38,NORMAL
C6881799,175566.95,175566.95,1,0.0,1,2.82,NORMAL
C481515840,99273.55,99273.55,1,0.0,1,2.62,NORMAL
C2094745119,82156.42,82156.42,1,0.0,1,4.42,NORMAL
C2047827321,46491.56,46491.56,1,46491.56,0,9.31,NORMAL
C727914800,1897864.32,1897864.32,1,0.0,1,62.66,AT_RISK
C1840129060,122065.02,122065.02,1,15450.0,0,2.08,NORMAL
C1740266415,175773.57,175773.57,1,0.0,1,2.85,NORMAL
C679322082,227005.43,227005.43,1,22192.0,0,2.51,NORMAL
C1879835912,313121.39,313121.39,1,0.0,1,7.86,NORMAL
C450750300,216991.37,216991.37,1,216991.36,0,32.85,NORMAL
C284476383,366932.98,366932.98,1,30554.0,0,10.33,NORMAL
C778786091,230648.71,230648.71,1,0.0,1,5.1,NORMAL
C184693922,63250.98,63250.98,1,63250.98,0,12.04,NORMAL
C99092489,137982.79,137982.79,1,0.0,1,1.68,NORMAL
C1701015648,70585.68,70585.68,1,61253.0,0,10.4,NORMAL
C189215048,407846.45,407846.45,1,0.0,1,16.09,NORMAL
C524942947,12412.04,12412.04,1,0.0,1,15.06,NORMAL
C1823873739,206143.1,206143.1,1,4262.0,0,3.48,NORMAL
C1025464588,1339134.75,1339134.75,1,50012.0,0,51.44,NORMAL
C395438497,447011.07,447011.07,1,248.0,0,15.98,NORMAL
C1634680748,1073021.87,1073021.87,1,0.0,1,46.78,NORMAL
C299997027,10771.88,10771.88,1,159.0,0,12.95,NORMAL
C526548098,99597.93,99597.93,1,66489.0,0,10.54,NORMAL
C1223947785,269113.51,269113.51,1,86808.0,0,11.77,NORMAL
C926431846,967146.46,967146.46,1,0.0,1,43.31,NORMAL
C1040626784,239970.02,239970.02,1,0.0,1,5.24,NORMAL
C300545633,266235.04,266235.04,1,0.0,1,6.93,NORMAL
C1131591540,1394045.28,1394045.28,1,0.0,1,53.44,NORMAL
C1703105091,337239.68,337239.68,1,0.0,1,10.0,NORMAL
C438773351,281920.78,281920.78,1,0.0,1,7.05,NORMAL
C454300910,1619067.69,1619067.69,1,28917.0,0,55.33,AT_RISK
C1597595978,272074.34,272074.34,1,20877.72,0,3.64,NORMAL
C769930754,270562.72,270562.72,1,50324.0,0,7.29,NORMAL
C1855291713,19757.91,19757.91,1,0.0,1,12.21,NORMAL
C1451319380,1490164.76,1490164.76,1,59841.0,0,55.09,AT_RISK
C1930004902,56256.01,56256.01,1,0.0,1,5.18,NORMAL
C921754046,625662.01,625662.01,1,25260.0,0,25.73,NORMAL
C722081696,226026.33,226026.33,1,51607.0,0,5.49,NORMAL
C197519245,221482.14,221482.14,1,0.0,1,4.85,NORMAL
C286011966,32556.47,32556.47,1,22431.0,0,7.22,NORMAL
C1619360873,22664.55,22664.55,1,0.0,1,11.14,NORMAL
C1408247796,351276.65,351276.65,1,0.0,1,11.4,NORMAL
C794605939,95576.53,95576.53,1,0.0,1,3.64,NORMAL
C853208765,1508008.72,1508008.72,1,0.0,1,55.64,AT_RISK
C1675088160,164235.22,164235.22,1,0.0,1,2.38,NORMAL
C1763537987,36634.63,36634.63,1,0.0,1,7.9,NORMAL
C1548292547,82043.63,82043.63,1,0.0,1,4.41,NORMAL
C1668525220,271934.55,271934.55,1,16965.0,0,4.34,NORMAL
C1119508285,175427.98,175427.98,1,20788.0,0,0.11,NORMAL
C1428490712,307938.06,307938.06,1,0.0,1,6.85,NORMAL
C855876592,79446.43,79446.43,1,79446.43,0,12.71,NORMAL
C1219922248,154866.15,154866.15,1,0.0,1,2.08,NORMAL
C1480494751,17753.18,17753.18,1,10503.0,0,8.92,NORMAL
C489183655,144461.01,144461.01,1,144460.99999999997,0,19.92,NORMAL
C1306467611,140708.17,140708.17,1,28857.0,0,2.36,NORMAL
C1074299435,309534.59,309534.59,1,0.0,1,6.86,NORMAL
C539137394,27718.72,27718.72,1,0.0,1,10.0,NORMAL
C2044588037,353600.95,353600.95,1,20777.0,0,7.63,NORMAL
C790625993,875175.66,875175.66,1,82226.0,0,42.31,NORMAL
C1849850394,502926.53,502926.53,1,0.0,1,21.78,NORMAL
C1379225121,122588.15,122588.15,1,67918.0,0,9.29,NORMAL
C57399504,122547.25,122547.25,1,175.0,0,3.37,NORMAL
C725025046,884204.29,884204.29,1,19830.0,0,36.02,NORMAL
C763904873,336245.28,336245.28,1,0.0,1,10.04,NORMAL
C2060665140,486792.41,486792.41,1,152.0,0,18.27,NORMAL
C1767577028,560480.05,560480.05,1,0.0,1,25.19,NORMAL
C133737212,265380.96,265380.96,1,10111.0,0,3.8,NORMAL
C1235930803,437424.69,437424.69,1,6918.0,0,14.74,NORMAL
C840640722,172151.87,172151.87,1,10093.0,0,0.56,NORMAL
C2128681806,69974.58,69974.58,1,0.0,1,4.13,NORMAL
C1203444673,230502.6,230502.6,1,10020.0,0,2.51,NORMAL
C34606333,86775.54,86775.54,1,32263.0,0,4.48,NORMAL
C402852836,157693.62,157693.62,1,0.0,1,1.94,NORMAL
C1348915928,145834.61,145834.61,1,30835.0,0,2.25,NORMAL
C1175169386,270071.98,270071.98,1,0.0,1,7.19,NORMAL
C578422080,126031.33,126031.33,1,55610.0,0,5.89,NORMAL
C155498014,60675.26,60675.26,1,2696.0,0,5.69,NORMAL
C969645463,187951.2,187951.2,1,0.0,1,3.85,NORMAL
C1428303163,352444.35,352444.35,1,0.0,1,11.3,NORMAL
C764677709,93621.89,93621.89,1,0.0,1,3.84,NORMAL
C624411148,23847.03,23847.03,1,23847.030000000028,0,9.14,NORMAL
C1036338225,52742.84,52742.84,1,16298.0,0,4.74,NORMAL
C641694298,763787.84,763787.84,1,0.0,1,35.76,NORMAL
C1190037405,84596.79,84596.79,1,1993.0,0,4.05,NORMAL
C1914575149,238007.92,238007.92,1,238007.91999999998,0,35.12,NORMAL
C789889248,214386.0,214386.0,1,26330.0,0,3.23,NORMAL
C1834712970,699.51,699.51,1,680.0,0,16.24,NORMAL
C1927864153,162391.84,162391.84,1,24105.0,0,0.42,NORMAL
C226997546,113797.37,113797.37,1,113797.38,0,15.92,NORMAL
C1701408024,230918.81,230918.81,1,230918.81,0,34.11,NORMAL
C645367824,4977.75,4977.75,1,0.0,1,19.31,NORMAL
C461451482,190333.35,190333.35,1,70544.0,0,8.05,NORMAL
C8257849,280210.45,280210.45,1,92329.0,0,12.16,NORMAL
C545608496,174667.37,174667.37,1,3516.0,0,1.33,NORMAL
C1830705975,379855.9,379855.9,1,24778.0,0,10.31,NORMAL
C349455629,227745.69,227745.69,1,0.0,1,5.24,NORMAL
C146219623,120455.99,120455.99,1,69734.0,0,9.63,NORMAL
C9569935,421826.9,421826.9,1,0.0,1,17.09,NORMAL
C944587801,893801.93,893801.93,1,632006.0,0,74.05,AT_RISK
C1995387698,131897.67,131897.67,1,0.0,1,1.52,NORMAL
C1042420111,146637.87,146637.87,1,1865.0,0,2.02,NORMAL
C2108570815,287661.43,287661.43,1,103.0,0,5.16,NORMAL
C1248825682,39107.04,39107.04,1,10393.0,0,6.42,NORMAL
C826100751,184455.09,184455.09,1,0.0,1,3.56,NORMAL
C109676507,226572.22,226572.22,1,81382.0,0,10.09,NORMAL
C1278784195,62730.19,62730.19,1,0.0,1,4.79,NORMAL
C1279666567,373610.09,373610.09,1,10007.0,0,9.83,NORMAL
C2015160678,103176.28,103176.28,1,0.0,1,3.13,NORMAL
C1861532164,341403.71,341403.71,1,341403.7,0,51.07,NORMAL
C19857962,358969.61,358969.61,1,240.0,0,9.38,NORMAL
C1041503361,167539.3,167539.3,1,2200.0,0,1.1,NORMAL
C254692730,285046.01,285046.01,1,21262.0,0,3.49,NORMAL
C1735763950,664458.26,664458.26,1,0.0,1,30.26,NORMAL
C1259772413,167113.02,167113.02,1,21127.0,0,0.0,NORMAL
C114357458,119696.69,119696.69,1,20356.0,0,1.56,NORMAL
C302577437,359442.26,359442.26,1,30277.0,0,9.54,NORMAL
C2137365317,370062.11,370062.11,1,60212.0,0,13.14,NORMAL
C1173101568,268700.72,268700.72,1,1308.0,0,4.5,NORMAL
C1930522728,179502.59,179502.59,1,54977.0,0,4.42,NORMAL
C1194040581,165968.02,165968.02,1,567.0,0,1.82,NORMAL
C1637497986,675623.14,675623.14,1,99512.0,0,36.68,NORMAL
C1463639146,63940.85,63940.85,1,19949.0,0,4.25,NORMAL
C1391772680,47528.45,47528.45,1,47528.45,0,9.72,NORMAL
C855505352,65450.78,65450.78,1,10323.0,0,3.79,NORMAL
C439669040,10323.52,10323.52,1,0.0,1,15.73,NORMAL
C372602001,343639.68,343639.68,1,31939.0,0,8.8,NORMAL
C735180236,3033147.04,3033147.04,1,313.0,0,70.72,AT_RISK
C1961162941,238881.06,238881.06,1,339.0,0,3.45,NORMAL
C955583690,84488.27,84488.27,1,0.0,1,4.02,NORMAL
C1707701661,144388.4,144388.4,1,349.0,0,2.7,NORMAL
C438792608,32053.88,32053.88,1,32053.880000000005,0,9.94,NORMAL
C1097806262,28833.05,28833.05,1,0.0,1,9.82,NORMAL
C444649935,1380931.62,1380931.62,1,155146.34,0,59.81,AT_RISK
C1141413259,527265.62,527265.62,1,67793.0,0,25.71,NORMAL
C1642791326,73749.51,73749.51,1,0.0,1,3.64,NORMAL
C1427922633,314867.71,314867.71,1,0.0,1,7.94,NORMAL
C1472276895,219279.55,219279.55,1,28793.69,0,3.48,NORMAL
C1892855354,109986.68,109986.68,1,4318.0,0,2.84,NORMAL
C1338236223,292191.14,292191.14,1,85100.0,0,12.32,NORMAL
C837486764,28215.44,28215.44,1,0.0,1,10.01,NORMAL
C503554419,233896.22,233896.22,1,0.0,1,5.12,NORMAL
C2052923064,98061.97,98061.97,1,39547.0,0,4.78,NORMAL
C1896793459,1389571.09,1389571.09,1,4258.0,0,50.2,NORMAL
C1284038715,928897.03,928897.03,1,31766.0,0,37.94,NORMAL
C1748587379,6770.91,6770.91,1,0.0,1,18.24,NORMAL
C1077210698,23095.86,23095.86,1,23095.859999999986,0,9.22,NORMAL
C1889998642,68822.55,68822.55,1,0.0,1,3.81,NORMAL
C2086345891,209280.16,209280.16,1,0.0,1,4.26,NORMAL
C858179014,95226.2,95226.2,1,15355.0,0,2.71,NORMAL
C908541560,87930.39,87930.39,1,0.0,1,3.55,NORMAL
C1557735488,100086.01,100086.01,1,0.0,1,2.99,NORMAL
C1990949693,478369.97,478369.97,1,0.0,1,20.15,NORMAL
C540461844,141187.37,141187.37,1,2000.0,0,2.03,NORMAL
C219841595,67703.8,67703.8,1,0.0,1,4.16,NORMAL
C290991757,393334.8,393334.8,1,0.0,1,14.93,NORMAL
C622647110,296015.27,296015.27,1,0.0,1,6.85,NORMAL
C87456980,521316.4,521316.4,1,25218.0,0,19.62,NORMAL
C542002238,160445.27,160445.27,1,48705.25,0,3.92,NORMAL
C1215858373,345524.74,345524.74,1,12811.0,0,7.74,NORMAL
C1275783443,477259.87,477259.87,1,50977.0,0,19.52,NORMAL
C1343753404,295129.14,295129.14,1,157855.0,0,22.92,NORMAL
C744749590,553480.59,553480.59,1,201030.0,0,44.6,NORMAL
C2126707236,65785.76,65785.76,1,0.0,1,4.28,NORMAL
C60245063,271144.77,271144.77,1,1010.0,0,4.8,NORMAL
C1099122945,120962.85,120962.85,1,0.0,1,2.24,NORMAL
C655303679,39940.6,39940.6,1,39940.6,0,10.12,NORMAL
C1860447190,221932.95,221932.95,1,0.0,1,4.83,NORMAL
C1816230890,184096.2,184096.2,1,20285.0,0,0.92,NORMAL
C1895012849,340425.4,340425.4,1,52183.0,0,10.44,NORMAL
C1875532915,143750.68,143750.68,1,0.0,1,1.72,NORMAL
C745215516,185138.86,185138.86,1,9297.0,0,1.2,NORMAL
C1016314226,5800.5,5800.5,1,5800.5,0,14.42,NORMAL
C1191561527,425169.07,425169.07,1,0.0,1,17.11,NORMAL
C787956471,56316.19,56316.19,1,126.0,0,6.31,NORMAL
C467131548,882637.83,882637.83,1,882637.83,0,75.99,AT_RISK
C691504407,31230.83,31230.83,1,31230.83,0,9.49,NORMAL
C163119788,154883.19,154883.19,1,0.0,1,2.08,NORMAL
C1292175967,1840393.8,1840393.8,1,0.0,1,61.98,AT_RISK
C592710372,288004.13,288004.13,1,0.0,1,6.84,NORMAL
C2027323250,371217.11,371217.11,1,10984.0,0,9.61,NORMAL
C861210450,228795.09,228795.09,1,0.0,1,5.1,NORMAL
C971830512,143753.15,143753.15,1,8302.0,0,1.19,NORMAL
C1517655499,229257.72,229257.72,1,229257.72,0,34.04,NORMAL
C1086518640,638598.97,638598.97,1,38168.0,0,27.56,NORMAL
C944502441,176326.54,176326.54,1,0.0,1,2.83,NORMAL
C1724853276,418271.21,418271.21,1,0.0,1,16.41,NORMAL
C2019242816,174677.46,174677.46,1,0.0,1,2.88,NORMAL
C1372099595,1987606.88,1987606.88,1,223209.0,0,71.07,AT_RISK
C104343127,83365.84,83365.84,1,0.0,1,4.09,NORMAL
C1830318643,672270.53,672270.53,1,0.0,1,30.55,NORMAL
C60619905,93096.27,93096.27,1,0.0,1,3.73,NORMAL
C1669681446,239068.4,239068.4,1,50543.0,0,5.24,NORMAL
C958308788,2103.9,2103.9,1,120.0,0,15.62,NORMAL
C1155350276,324070.34,324070.34,1,20862.0,0,5.67,NORMAL
C1521871470,191283.29,191283.29,1,0.0,1,3.49,NORMAL
C34787504,345445.77,345445.77,1,14532.0,0,7.81,NORMAL
C1640613414,2200992.65,2200992.65,1,0.0,1,65.92,AT_RISK
C2125446093,23397.72,23397.72,1,203.0,0,10.12,NORMAL
C1270420279,144840.83,144840.83,1,30689.0,0,2.4,NORMAL
C406354281,278429.51,278429.51,1,0.0,1,7.1,NORMAL
C535557150,1791525.01,1791525.01,1,55699.0,0,59.63,AT_RISK
C1232532624,237770.84,237770.84,1,220471.86,0,32.02,NORMAL
C1530689529,70089.3,70089.3,1,70089.30000000002,0,12.24,NORMAL
C2030588908,79996.2,79996.2,1,26868.0,0,3.87,NORMAL
C185907292,266895.08,266895.08,1,0.0,1,7.03,NORMAL
C613362594,7786906.81,7786906.81,1,0.0,1,91.96,FRAUD
C1319437678,204657.38,204657.38,1,5093.0,0,3.78,NORMAL
C751269409,193256.68,193256.68,1,0.0,1,3.4,NORMAL
C1576502159,184026.87,184026.87,1,0.0,1,3.35,NORMAL
C1862378915,191523.64,191523.64,1,0.0,1,3.42,NORMAL
C1446379923,248393.18,248393.18,1,0.0,1,5.58,NORMAL
C1600831787,297393.81,297393.81,1,281.0,0,5.1,NORMAL
C998833827,155869.4,155869.4,1,139.0,0,1.64,NORMAL
C1183482094,353645.2,353645.2,1,91067.0,0,15.99,NORMAL
C840704591,10000000.0,10000000.0,1,0.0,1,94.35,FRAUD
C722140021,163360.16,163360.16,1,150644.0,0,21.14,NORMAL
C945242421,243970.77,243970.77,1,0.0,1,5.48,NORMAL
C2063804816,316095.27,316095.27,1,0.0,1,8.01,NORMAL
C836752526,236691.04,236691.04,1,152.0,0,3.51,NORMAL
C516726761,199168.47,199168.47,1,6878.0,0,2.84,NORMAL
C560993247,408944.01,408944.01,1,25111.0,0,12.44,NORMAL
C1911780032,491605.13,491605.13,1,1359.0,0,18.32,NORMAL
C445280924,91552.81,91552.81,1,0.0,1,3.55,NORMAL
C1620221309,78926.22,78926.22,1,0.0,1,3.91,NORMAL
C892954603,88307.11,88307.11,1,0.0,1,3.53,NORMAL
C1450280642,173502.55,173502.55,1,9926.0,0,0.62,NORMAL
C1053147688,128995.0,128995.0,1,0.0,1,1.7,NORMAL
C201975801,1615852.96,1615852.96,1,0.0,1,57.53,AT_RISK
C930257169,61858.13,61858.13,1,0.0,1,4.7,NORMAL
C1208299670,2318741.59,2318741.59,1,0.0,1,67.76,AT_RISK
C1173481326,2098853.25,2098853.25,1,10668.0,0,60.93,AT_RISK
C1686719546,189835.24,189835.24,1,0.0,1,3.49,NORMAL
C555009095,847391.16,847391.16,1,265970.0,0,60.06,AT_RISK
C2074241095,60100.02,60100.02,1,60100.020000000004,0,11.48,NORMAL
C188953520,1067496.14,1067496.14,1,0.0,1,46.78,NORMAL
C1923096778,298047.9,298047.9,1,0.0,1,6.77,NORMAL
C1464749869,282219.22,282219.22,1,30525.0,0,4.83,NORMAL
C736650889,84249.39,84249.39,1,0.0,1,4.05,NORMAL
C1485320611,356229.31,356229.31,1,0.0,1,11.59,NORMAL
C1404466394,4507.86,4507.86,1,4507.860000000001,0,14.39,NORMAL
C1980235180,191148.53,191148.53,1,0.0,1,3.42,NORMAL
C605240864,145999.9,145999.9,1,130203.0,0,18.07,NORMAL
C430946333,434416.4,434416.4,1,345.0,0,14.53,NORMAL
C1222277903,160798.1,160798.1,1,50892.0,0,4.1,NORMAL
C1094655428,64803.32,64803.32,1,0.0,1,4.75,NORMAL
C2113404488,310775.37,310775.37,1,0.0,1,7.33,NORMAL
C824713317,58812.65,58812.65,1,58812.65000000002,0,11.27,NORMAL
C1419670273,160023.19,160023.19,1,0.0,1,2.02,NORMAL
C1312364649,319572.98,319572.98,1,0.0,1,8.3,NORMAL
C1443287276,212991.41,212991.41,1,20873.0,0,2.03,NORMAL
C2133785729,96527.22,96527.22,1,0.0,1,3.31,NORMAL
C1635287948,596080.31,596080.31,1,78390.51,0,30.96,NORMAL
C1680773832,328472.72,328472.72,1,183339.0,0,28.73,NORMAL
C1282952168,88364.21,88364.21,1,0.0,1,3.53,NORMAL
C1798594628,138795.23,138795.23,1,0.0,1,1.66,NORMAL
C963654960,301244.57,301244.57,1,0.0,1,6.89,NORMAL
C803586068,194125.96,194125.96,1,0.0,1,3.41,NORMAL
C1609389683,282301.45,282301.45,1,0.0,1,6.94,NORMAL
C1624296826,105632.13,105632.13,1,527.0,0,4.11,NORMAL
C621210273,316428.72,316428.72,1,718.0,0,6.67,NORMAL
C1425393216,763072.22,763072.22,1,9136.0,0,31.48,NORMAL
C1413876480,244517.02,244517.02,1,179783.0,0,24.83,NORMAL
C1506212433,45617.22,45617.22,1,0.0,1,5.85,NORMAL
C861968356,74438.67,74438.67,1,0.0,1,3.6,NORMAL
C983743441,283037.61,283037.61,1,44423.0,0,6.37,NORMAL
C538248429,63228.43,63228.43,1,366.0,0,6.39,NORMAL
C1807161875,140475.26,140475.26,1,21255.0,0,0.73,NORMAL
C997807839,191661.13,191661.13,1,0.0,1,3.42,NORMAL
C646758930,318690.99,318690.99,1,5464.0,0,6.81,NORMAL
C550957979,350030.92,350030.92,1,192878.0,0,30.96,NORMAL
C275523684,119382.08,119382.08,1,0.0,1,2.12,NORMAL
C2079400151,426986.72,426986.72,1,16139.0,0,13.87,NORMAL
C1124665734,1305169.31,1305169.31,1,148400.0,0,58.31,AT_RISK
C1745128130,74555.5,74555.5,1,0.0,1,3.6,NORMAL
C2079759853,429875.34,429875.34,1,21292.0,0,13.54,NORMAL
C1795449253,161697.47,161697.47,1,5291.0,0,1.38,NORMAL
C1467568965,232304.59,232304.59,1,8548.0,0,2.8,NORMAL
C43374202,121304.13,121304.13,1,2081.0,0,2.88,NORMAL
C162232898,389232.74,389232.74,1,389232.74,0,56.69,AT_RISK
C1235823087,46547.28,46547.28,1,46547.28,0,9.43,NORMAL
C511153609,148712.01,148712.01,1,0.0,1,1.7,NORMAL
C1922694224,167288.7,167288.7,1,0.0,1,2.61,NORMAL
C1212184944,326351.77,326351.77,1,95747.0,0,15.47,NORMAL
C292745604,124033.45,124033.45,1,20706.0,0,1.14,NORMAL
C2039293543,150565.51,150565.51,1,90270.0,0,10.78,NORMAL
C1440715817,168894.78,168894.78,1,7003.0,0,1.1,NORMAL
C1513979568,10593.5,10593.5,1,10593.5,0,11.47,NORMAL
C1764299646,80752.63,80752.63,1,774.0,0,4.29,NORMAL
C356740229,5943115.7,5943115.7,1,19908.0,0,84.93,FRAUD
C872290481,32088.44,32088.44,1,0.0,1,9.41,NORMAL
C2084501698,173527.44,173527.44,1,5533.0,0,1.57,NORMAL
C637137681,111837.5,111837.5,1,0.0,1,2.59,NORMAL
C1048029112,182587.78,182587.78,1,0.0,1,3.18,NORMAL
C249431672,249973.88,249973.88,1,249973.88,0,37.95,NORMAL
C568507050,1355961.48,1355961.48,1,99665.0,0,56.11,AT_RISK
C1513791219,7227.98,7227.98,1,0.0,1,18.01,NORMAL
C2141646583,731379.83,731379.83,1,0.0,1,34.47,NORMAL
C277958062,49073.53,49073.53,1,49073.53,0,9.51,NORMAL
C875073603,490783.39,490783.39,1,0.0,1,20.83,NORMAL
C64074934,154318.7,154318.7,1,24988.0,0,0.74,NORMAL
C1592767495,591714.77,591714.77,1,57896.0,0,27.48,NORMAL
C1891667396,95786.16,95786.16,1,0.0,1,3.54,NORMAL
C840385267,72608.55,72608.55,1,34486.0,0,4.77,NORMAL
C1740863185,444908.85,444908.85,1,369160.95,0,57.28,AT_RISK
C71848990,163750.29,163750.29,1,54692.0,0,4.71,NORMAL
C549822081,64272.93,64272.93,1,0.0,1,4.75,NORMAL
C279961997,420189.16,420189.16,1,1267.0,0,13.81,NORMAL
C1829661689,173227.15,173227.15,1,0.0,1,2.84,NORMAL
C665359708,329156.43,329156.43,1,329156.43,0,48.78,NORMAL
C1069301457,124715.75,124715.75,1,0.0,1,1.79,NORMAL
C1160331926,284419.5,284419.5,1,68978.0,0,9.72,NORMAL
C212144554,17998.81,17998.81,1,0.0,1,12.02,NORMAL
C911240705,905207.1,905207.1,1,905207.1000000001,0,76.25,AT_RISK
C1720423979,73677.27,73677.27,1,73677.27,0,12.11,NORMAL
C1699031610,263028.31,263028.31,1,0.0,1,7.12,NORMAL
C809363948,1730081.7,1730081.7,1,12797.0,0,56.69,AT_RISK
C1981527309,101636.37,101636.37,1,0.0,1,3.01,NORMAL
C1475445649,504112.98,504112.98,1,277550.52,0,51.54,NORMAL
C2076820706,20872.5,20872.5,1,20872.5,0,8.71,NORMAL
C1706893513,70080.5,70080.5,1,0.0,1,4.03,NORMAL
C1417552619,176780.01,176780.01,1,176780.0,0,25.26,NORMAL
C1593883571,74081.82,74081.82,1,0.0,1,3.61,NORMAL
C1222541265,50304.14,50304.14,1,50304.14,0,9.53,NORMAL
C123650467,139214.03,139214.03,1,39216.0,0,3.26,NORMAL
C812084421,30605.41,30605.41,1,0.0,1,9.87,NORMAL
C1985631470,144420.28,144420.28,1,0.0,1,1.68,NORMAL
C788011964,458102.07,458102.07,1,0.0,1,18.93,NORMAL
C494885294,153949.2,153949.2,1,0.0,1,1.8,NORMAL
C1787836567,10085.15,10085.15,1,10085.150000000001,0,12.27,NORMAL
C1224521744,181306.4,181306.4,1,0.0,1,2.86,NORMAL
C1503945868,208278.92,208278.92,1,0.0,1,3.91,NORMAL
C716780390,37457.73,37457.73,1,37457.729999999996,0,9.74,NORMAL
C518889702,330097.41,330097.41,1,9056.0,0,6.85,NORMAL
C557709357,369887.17,369887.17,1,0.0,1,12.67,NORMAL
C381071125,1442966.12,1442966.12,1,116243.0,0,58.78,AT_RISK
C1361855985,223627.49,223627.49,1,0.0,1,4.83,NORMAL
C1260134161,173394.03,173394.03,1,0.0,1,2.84,NORMAL
C446308350,148297.04,148297.04,1,114758.0,0,14.82,NORMAL
C1837426239,631588.14,631588.14,1,9268.0,0,25.96,NORMAL
C1825179278,91025.98,91025.98,1,0.0,1,3.59,NORMAL
C951275418,14525.78,14525.78,1,0.0,1,14.12,NORMAL
C1654064183,106612.9,106612.9,1,1651.0,0,3.43,NORMAL
C1286013839,13179.99,13179.99,1,13179.990000000002,0,11.34,NORMAL
C870917537,1211689.58,1211689.58,1,117241.0,0,55.05,AT_RISK
C843633222,4111262.5,4111262.5,1,0.0,1,81.4,FRAUD
C5439417,184621.38,184621.38,1,30655.0,0,2.58,NORMAL
C173227949,2321977.67,2321977.67,1,68108.0,0,67.33,AT_RISK
C1540823290,346553.76,346553.76,1,0.0,1,11.22,NORMAL
C846644301,228870.43,228870.43,1,110135.0,0,14.91,NORMAL
C666438862,45694.46,45694.46,1,45694.45999999999,0,9.4,NORMAL
C28637535,680535.79,680535.79,1,0.0,1,31.31,NORMAL
C2021616196,127885.0,127885.0,1,53663.0,0,5.74,NORMAL
C691705778,1919256.85,1919256.85,1,2506.0,0,58.89,AT_RISK
C48949887,123025.54,123025.54,1,0.0,1,2.1,NORMAL
C1611698262,167019.85,167019.85,1,0.0,1,2.61,NORMAL
C1841288448,409814.78,409814.78,1,38648.46,0,13.88,NORMAL
C1976943265,16015.02,16015.02,1,10246.0,0,9.8,NORMAL
C968347055,248134.23,248134.23,1,0.0,1,5.58,NORMAL
C876801749,226585.83,226585.83,1,116360.0,0,15.89,NORMAL
C654988475,63839.33,63839.33,1,0.0,1,4.77,NORMAL
C1525305054,120711.27,120711.27,1,21257.0,0,1.55,NORMAL
C142852110,144630.45,144630.45,1,13639.0,0,1.27,NORMAL
C1901344567,1024984.04,1024984.04,1,39553.0,0,42.45,NORMAL
C775905855,2695.32,2695.32,1,2695.320000000007,0,15.28,NORMAL
C425349590,95089.44,95089.44,1,24937.0,0,2.62,NORMAL
C1611809722,106814.22,106814.22,1,27832.0,0,3.57,NORMAL
C237054431,293897.58,293897.58,1,9309.0,0,4.22,NORMAL
C685128149,1073.83,1073.83,1,0.0,1,21.66,NORMAL
C910385473,294977.58,294977.58,1,0.0,1,6.96,NORMAL
C520870429,265958.9,265958.9,1,0.0,1,6.93,NORMAL
C43398130,721655.75,721655.75,1,84444.0,0,36.74,NORMAL
C2057716492,102565.9,102565.9,1,6033.0,0,3.09,NORMAL
C1337154860,46787.42,46787.42,1,20267.0,0,5.01,NORMAL
C137019579,71353.34,71353.34,1,19951.0,0,3.18,NORMAL
C1108600000,311775.3,311775.3,1,0.0,1,7.54,NORMAL
C164914840,303741.44,303741.44,1,5246.0,0,5.71,NORMAL
C1471026797,4005.14,4005.14,1,4005.1400000000003,0,14.73,NORMAL
C85689174,138855.67,138855.67,1,37876.0,0,3.06,NORMAL
C1554378212,244535.83,244535.83,1,100571.0,0,12.66,NORMAL
C608114481,210735.89,210735.89,1,210735.89,0,31.48,NORMAL
C2002442314,1590792.49,1590792.49,1,0.0,1,57.27,AT_RISK
C1829337598,7933728.5,7933728.5,1,0.0,1,92.08,FRAUD
C983716067,1942964.74,1942964.74,1,229222.01,0,70.93,AT_RISK
C599117959,170784.65,170784.65,1,153029.0,0,21.26,NORMAL
C757387061,95400.38,95400.38,1,0.0,1,3.64,NORMAL
C526559984,350461.43,350461.43,1,117911.85,0,21.13,NORMAL
C1681921423,119096.98,119096.98,1,0.0,1,2.09,NORMAL
C1340857712,193538.81,193538.81,1,0.0,1,3.39,NORMAL
C510345785,33423.25,33423.25,1,33423.25,0,9.5,NORMAL
C565976067,3457152.09,3457152.09,1,0.0,1,78.05,AT_RISK
C1009611058,1329910.29,1329910.29,1,70693.79,0,52.91,NORMAL
C185996815,1201748.04,1201748.04,1,21039.0,0,46.83,NORMAL
C632186375,171289.52,171289.52,1,0.0,1,2.99,NORMAL
C8035812,129070.02,129070.02,1,40540.0,0,3.98,NORMAL
C1365854310,78346.45,78346.45,1,20526.0,0,2.73,NORMAL
C1935967864,21936.87,21936.87,1,174.0,0,10.28,NORMAL
C406342964,690514.85,690514.85,1,367745.23,0,63.17,AT_RISK
C435088108,151292.41,151292.41,1,5528.0,0,1.65,NORMAL
C147882943,60538.94,60538.94,1,51335.0,0,8.87,NORMAL
C1058522849,113014.98,113014.98,1,0.0,1,2.49,NORMAL
C536926509,41045.82,41045.82,1,30733.0,0,7.73,NORMAL
C1590340689,24677.25,24677.25,1,0.0,1,11.04,NORMAL
C1496106111,269026.13,269026.13,1,22360.0,0,3.75,NORMAL
C552853002,21338.62,21338.62,1,21338.619999999995,0,8.74,NORMAL
C486553652,107139.19,107139.19,1,25383.0,0,2.54,NORMAL
C101051316,85971.83,85971.83,1,0.0,1,3.68,NORMAL
C192095750,207273.42,207273.42,1,20612.0,0,1.72,NORMAL
C275677043,7302.74,7302.74,1,5065.0,0,14.08,NORMAL
C1511710378,191795.35,191795.35,1,19640.0,0,1.56,NORMAL
C386127601,69190.87,69190.87,1,367.0,0,5.3,NORMAL
C1245918632,166341.82,166341.82,1,166341.82,0,23.57,NORMAL
C711940041,1383958.64,1383958.64,1,10951.0,0,50.98,NORMAL
C666083714,369165.21,369165.21,1,0.0,1,12.78,NORMAL
C24862549,199868.81,199868.81,1,0.0,1,3.34,NORMAL
C249619760,188469.29,188469.29,1,9690.0,0,1.26,NORMAL
C1622989180,25689.53,25689.53,1,25689.53,0,9.73,NORMAL
C31072228,2321633.57,2321633.57,1,2321633.57,0,88.38,FRAUD
C778480673,52486.25,52486.25,1,0.0,1,5.52,NORMAL
C68668219,136398.65,136398.65,1,0.0,1,1.68,NORMAL
C605736044,120955.24,120955.24,1,6282.0,0,2.46,NORMAL
C891447294,5239523.37,5239523.37,1,101841.53,0,86.38,FRAUD
C1239192172,110996.0,110996.0,1,153.0,0,3.83,NORMAL
C996518492,309399.94,309399.94,1,0.0,1,6.82,NORMAL
C282139929,94485.51,94485.51,1,0.0,1,3.83,NORMAL
C1573452452,5870353.09,5870353.09,1,49700.0,0,85.48,FRAUD
C1054934143,56254.46,56254.46,1,0.0,1,5.18,NORMAL
C1810584574,390857.01,390857.01,1,26355.02,0,11.63,NORMAL
C94938652,391853.54,391853.54,1,391853.54,0,56.94,AT_RISK
C1473443325,84775.27,84775.27,1,0.0,1,3.77,NORMAL
C1270520406,237700.13,237700.13,1,0.0,1,5.14,NORMAL
C2043334078,11153.58,11153.58,1,0.0,1,15.34,NORMAL
C1189566998,984248.42,984248.42,1,19757.0,0,40.03,NORMAL
C1687418381,757039.91,757039.91,1,0.0,1,35.29,NORMAL
C1271417905,1919.49,1919.49,1,0.0,1,21.03,NORMAL
C659494327,74666.02,74666.02,1,0.0,1,3.71,NORMAL
C1493775371,467558.33,467558.33,1,20918.0,0,16.09,NORMAL
C1494846564,122742.83,122742.83,1,0.0,1,2.23,NORMAL
C1089794105,42877.94,42877.94,1,0.0,1,6.01,NORMAL
C1448705410,456676.34,456676.34,1,693.0,0,16.6,NORMAL
C1696293785,100950.61,100950.61,1,0.0,1,3.03,NORMAL
C1145300274,373773.65,373773.65,1,0.0,1,12.89,NORMAL
C1591242196,253138.63,253138.63,1,149132.0,0,20.53,NORMAL
C1716136822,39330.34,39330.34,1,0.0,1,6.83,NORMAL
C469060492,110930.47,110930.47,1,100253.0,0,13.86,NORMAL
C1221238251,64720.81,64720.81,1,64720.81,0,12.39,NORMAL
C1091490846,126080.14,126080.14,1,0.0,1,1.89,NORMAL
C783966491,7184.43,7184.43,1,7184.43,0,14.19,NORMAL
C550624591,219750.24,219750.24,1,0.0,1,5.03,NORMAL
C473673969,155625.86,155625.86,1,65585.0,0,7.44,NORMAL
C1391303842,111871.6,111871.6,1,0.0,1,2.59,NORMAL
C1958117429,202941.43,202941.43,1,20974.0,0,1.68,NORMAL
C782554399,6694.76,6694.76,1,6694.760000000002,0,14.58,NORMAL
C1598881078,158339.24,158339.24,1,0.0,1,1.95,NORMAL
C10282119,309004.82,309004.82,1,100.0,0,5.55,NORMAL
C273657280,457961.8,457961.8,1,119490.13,0,30.2,NORMAL
C668755957,335859.35,335859.35,1,20988.0,0,6.75,NORMAL
C439649425,457892.42,457892.42,1,10101.0,0,16.2,NORMAL
C1947053229,268556.74,268556.74,1,108.0,0,5.16,NORMAL
C879432072,94204.89,94204.89,1,9005.0,0,2.61,NORMAL
C1250188312,85259.21,85259.21,1,29171.0,0,4.09,NORMAL
C1037919077,278238.31,278238.31,1,0.0,1,7.1,NORMAL
C967157515,49890.93,49890.93,1,4050.0,0,6.28,NORMAL
C644068494,601.93,601.93,1,601.929999999993,0,16.07,NORMAL
C31751449,348596.31,348596.31,1,75630.0,0,13.55,NORMAL
C1259638451,1578855.32,1578855.32,1,0.0,1,57.1,AT_RISK
C1483059583,290467.89,290467.89,1,0.0,1,7.2,NORMAL
C5326483,180258.24,180258.24,1,32166.0,0,1.85,NORMAL
C1198227650,2012423.72,2012423.72,1,688291.93,0,83.14,FRAUD
C1418444094,227932.89,227932.89,1,0.0,1,5.35,NORMAL
C1677432838,276270.11,276270.11,1,0.0,1,7.24,NORMAL
C1336314882,342342.67,342342.67,1,2487.48,0,8.13,NORMAL
C1126294209,376051.05,376051.05,1,0.0,1,13.14,NORMAL
C487353600,17639.13,17639.13,1,0.0,1,12.32,NORMAL
C2133436151,200195.53,200195.53,1,31661.0,0,3.08,NORMAL
C1557651523,463141.22,463141.22,1,463141.22000000003,0,62.39,AT_RISK
C484661025,564861.77,564861.77,1,0.0,1,25.62,NORMAL
C841588436,439221.63,439221.63,1,0.0,1,17.63,NORMAL
C1698270118,211003.6,211003.6,1,0.0,1,4.38,NORMAL
C1445998486,7461.68,7461.68,1,0.0,1,18.12,NORMAL
C992720358,138889.84,138889.84,1,138889.84000000003,0,19.15,NORMAL
C543601047,109611.16,109611.16,1,0.0,1,2.92,NORMAL
C943332759,26532.92,26532.92,1,0.0,1,10.17,NORMAL
C828658094,351186.05,351186.05,1,9904.0,0,7.83,NORMAL
C949326470,9312.77,9312.77,1,0.0,1,16.49,NORMAL
C1331219048,598503.54,598503.54,1,0.0,1,28.3,NORMAL
C236224167,183807.42,183807.42,1,0.0,1,3.29,NORMAL
C986778247,73096.9,73096.9,1,10963.0,0,3.2,NORMAL
C1634957905,92335.45,92335.45,1,0.0,1,3.66,NORMAL
C1864820099,48619.83,48619.83,1,0.0,1,5.71,NORMAL
C2045811261,336428.54,336428.54,1,86090.0,0,14.82,NORMAL
C1994740453,225057.74,225057.74,1,20162.0,0,2.41,NORMAL
C1962519386,86673.92,86673.92,1,0.0,1,3.56,NORMAL
C142345179,1517771.48,1517771.48,1,1517771.48,0,82.77,FRAUD
C1902660123,3811255.2,3811255.2,1,0.0,1,80.0,FRAUD
C1488359667,266447.16,266447.16,1,266447.16000000003,0,41.45,NORMAL
C112592875,1419232.9,1419232.9,1,0.0,1,54.32,NORMAL
C1967742561,207179.75,207179.75,1,0.0,1,3.59,NORMAL
C1530323763,1902.95,1902.95,1,1902.9500000000007,0,15.2,NORMAL
C675326780,17523.46,17523.46,1,0.0,1,12.31,NORMAL
C788813924,46075.83,46075.83,1,0.0,1,5.85,NORMAL
C1482907436,154485.39,154485.39,1,22094.0,0,0.29,NORMAL
C1358459203,235394.94,235394.94,1,0.0,1,5.16,NORMAL
C12082883,7739362.44,7739362.44,1,0.0,1,91.71,FRAUD
C1640918068,70517.1,70517.1,1,70517.1,0,12.29,NORMAL
C279248768,775670.73,775670.73,1,12189.0,0,31.98,NORMAL
C1549706346,1041273.39,1041273.39,1,0.0,1,45.64,NORMAL
C1444724478,160287.27,160287.27,1,0.0,1,2.06,NORMAL
C243852255,235397.42,235397.42,1,0.0,1,5.16,NORMAL
C1084658077,117081.13,117081.13,1,0.0,1,1.93,NORMAL
C327531992,78941.95,78941.95,1,78941.95,0,12.67,NORMAL
C1379215593,262088.16,262088.16,1,0.0,1,6.93,NORMAL
C602132293,33325.55,33325.55,1,33325.54999999999,0,9.5,NORMAL
C574623885,9080.63,9080.63,1,0.0,1,16.6,NORMAL
C407420082,1527935.98,1527935.98,1,761083.0,0,80.08,FRAUD
C1837531948,75702.94,75702.94,1,10802.0,0,3.26,NORMAL
C1073393831,244231.66,244231.66,1,63629.44,0,8.05,NORMAL
C423510769,10000000.0,10000000.0,1,21272.0,0,92.31,FRAUD
C723244370,226689.95,226689.95,1,0.0,1,5.27,NORMAL
C815347661,121353.36,121353.36,1,90338.46,0,11.99,NORMAL
C1856208585,1521939.76,1521939.76,1,89630.0,0,57.16,AT_RISK
C829864179,1608879.05,1608879.05,1,0.0,1,57.46,AT_RISK
C1443174996,156617.86,156617.86,1,13660.0,0,0.29,NORMAL
C1531564781,1511119.02,1511119.02,1,68135.0,0,55.97,AT_RISK
C13514261,87134.63,87134.63,1,87134.63,0,13.88,NORMAL
C2136934232,1586530.15,1586530.15,1,290.0,0,53.99,NORMAL
C43011810,1932165.84,1932165.84,1,0.0,1,63.17,AT_RISK
C710110818,898236.78,898236.78,1,39855.0,0,37.99,NORMAL
C965077492,120921.2,120921.2,1,120921.19999999995,0,17.76,NORMAL
C1566728087,214877.03,214877.03,1,17799.0,0,2.75,NORMAL
C893939330,1384588.26,1384588.26,1,275588.0,0,68.06,AT_RISK
C1903274833,23240.2,23240.2,1,0.0,1,11.38,NORMAL
C1685239099,417641.41,417641.41,1,0.0,1,16.45,NORMAL
C1061040815,75748.43,75748.43,1,0.0,1,4.23,NORMAL
C1803136940,279239.49,279239.49,1,18575.0,0,4.22,NORMAL
C16272528,1186156.96,1186156.96,1,243945.0,0,63.22,AT_RISK
C248664643,358923.94,358923.94,1,8452.0,0,8.88,NORMAL
C1399870244,319547.58,319547.58,1,0.0,1,8.3,NORMAL
C259350045,224686.76,224686.76,1,1945.0,0,3.47,NORMAL
C607385181,10077.42,10077.42,1,0.0,1,16.09,NORMAL
C2005169287,292588.36,292588.36,1,29839.0,0,5.17,NORMAL
C1410566331,63457.18,63457.18,1,0.0,1,4.81,NORMAL
C1418180926,95905.33,95905.33,1,95905.34000000003,0,14.44,NORMAL
C1910598133,355898.29,355898.29,1,0.0,1,11.55,NORMAL
C1259196161,34614.47,34614.47,1,0.0,1,8.32,NORMAL
C1613469714,120938.79,120938.79,1,38845.94,0,4.09,NORMAL
C2030094732,249366.01,249366.01,1,249366.00999999998,0,37.47,NORMAL
C1687337130,169298.44,169298.44,1,7450.63,0,1.15,NORMAL
C149135610,21578.95,21578.95,1,21578.95,0,8.67,NORMAL
C1374969484,12477.52,12477.52,1,269.0,0,12.68,NORMAL
C1348791541,1133781.5,1133781.5,1,0.0,1,48.27,NORMAL
C240290106,430884.5,430884.5,1,502.0,0,14.69,NORMAL
C108100482,2554649.97,2554649.97,1,0.0,1,70.44,AT_RISK
C1640343443,361468.38,361468.38,1,22711.15,0,8.8,NORMAL
C2082752880,2184650.99,2184650.99,1,0.0,1,65.85,AT_RISK
C1350589356,276761.28,276761.28,1,0.0,1,7.08,NORMAL
C595935964,65076.7,65076.7,1,117.0,0,6.09,NORMAL
C516060566,261780.95,261780.95,1,0.0,1,6.98,NORMAL
C46693471,180229.35,180229.35,1,0.0,1,2.63,NORMAL
C719417009,279958.76,279958.76,1,103012.0,0,13.54,NORMAL
C638186017,586771.81,586771.81,1,99142.0,0,33.56,NORMAL
C1138545802,285484.69,285484.69,1,0.0,1,6.87,NORMAL
C2123206647,3859.31,3859.31,1,3859.3099999999995,0,14.73,NORMAL
C847938241,869055.39,869055.39,1,0.0,1,39.15,NORMAL
C1737802556,1250324.9,1250324.9,1,0.0,1,50.59,NORMAL
C961952284,134006.6,134006.6,1,16888.0,0,1.63,NORMAL
C1158959802,162966.77,162966.77,1,69446.78,0,7.92,NORMAL
C967311870,233207.03,233207.03,1,0.0,1,5.2,NORMAL
C1480611053,1930579.63,1930579.63,1,48.0,0,59.18,AT_RISK
C1067658253,46023.21,46023.21,1,0.0,1,5.87,NORMAL
C1999245204,1681994.47,1681994.47,1,214.0,0,55.91,AT_RISK
C262945113,164532.26,164532.26,1,0.0,1,2.39,NORMAL
C66466311,1693299.1,1693299.1,1,0.0,1,59.14,AT_RISK
C2004671188,200951.96,200951.96,1,63838.0,0,7.24,NORMAL
C1113198567,247713.22,247713.22,1,888.0,0,3.61,NORMAL
C166998225,798007.45,798007.45,1,798007.45,0,73.91,AT_RISK
C840369249,42572.81,42572.81,1,0.0,1,5.87,NORMAL
C1179809325,1013751.7,1013751.7,1,23989.0,0,41.13,NORMAL
C1887335894,1693682.65,1693682.65,1,0.0,1,59.14,AT_RISK
C1170553577,109378.31,109378.31,1,0.0,1,3.16,NORMAL
C799966779,176683.42,176683.42,1,0.0,1,2.86,NORMAL
C26189488,132930.57,132930.57,1,19956.0,0,1.23,NORMAL
C823254222,683851.5,683851.5,1,21502.0,0,27.66,NORMAL
C2142691106,43775.01,43775.01,1,4664.0,0,6.59,NORMAL
C366224747,290833.31,290833.31,1,9076.0,0,4.51,NORMAL
C2085980450,1688317.16,1688317.16,1,0.0,1,59.11,AT_RISK
C1655430470,345162.51,345162.51,1,0.0,1,10.98,NORMAL
C982871455,2643592.18,2643592.18,1,27043.0,0,68.46,AT_RISK
C1818599585,2616489.44,2616489.44,1,0.0,1,71.04,AT_RISK
C705085245,195269.2,195269.2,1,726.0,0,2.99,NORMAL
C4624279,1612664.42,1612664.42,1,10810.0,0,55.06,AT_RISK
C1513534074,124068.81,124068.81,1,0.0,1,1.88,NORMAL
C30070779,35454.33,35454.33,1,0.0,1,8.38,NORMAL
C1772820214,6409.37,6409.37,1,0.0,1,18.34,NORMAL
C907673644,59615.27,59615.27,1,9075.0,0,4.33,NORMAL
C300744654,767755.17,767755.17,1,767755.17,0,72.91,AT_RISK
C986958136,138105.87,138105.87,1,0.0,1,1.63,NORMAL
C475505770,1181866.51,1181866.51,1,21006.0,0,46.22,NORMAL
C430026018,111797.29,111797.29,1,21450.0,0,1.79,NORMAL
C1924378826,1203327.17,1203327.17,1,0.0,1,50.34,NORMAL
C1185477870,29615.64,29615.64,1,0.0,1,10.08,NORMAL
C2102372678,287444.65,287444.65,1,177913.0,0,26.23,NORMAL
C1377429387,537682.94,537682.94,1,0.0,1,23.72,NORMAL
C476154245,1068405.15,1068405.15,1,385.0,0,43.8,NORMAL
C1352340330,440409.46,440409.46,1,423416.0,0,59.57,AT_RISK
C48284025,80232.32,80232.32,1,0.0,1,3.95,NORMAL
C2032003297,49333.08,49333.08,1,0.0,1,5.79,NORMAL
C983933802,333452.29,333452.29,1,0.0,1,9.63,NORMAL
C60182212,13701.03,13701.03,1,190.0,0,12.59,NORMAL
C187681113,41756.1,41756.1,1,0.0,1,6.21,NORMAL
C1937666742,448004.5,448004.5,1,82683.0,0,22.33,NORMAL
C45410662,2032352.72,2032352.72,1,0.0,1,64.11,AT_RISK
C1027947428,84799.01,84799.01,1,17377.0,0,3.29,NORMAL
C245999989,1536327.84,1536327.84,1,0.0,1,56.6,AT_RISK
C10205082,609837.37,609837.37,1,820.0,0,25.92,NORMAL
C2002574579,173003.13,173003.13,1,146072.0,0,19.74,NORMAL
C718499214,577137.25,577137.25,1,0.0,1,27.01,NORMAL
C686426488,226056.39,226056.39,1,0.0,1,5.05,NORMAL
C1026951232,633739.39,633739.39,1,0.0,1,28.91,NORMAL
C2006669294,257722.68,257722.68,1,0.0,1,6.78,NORMAL
C1928212359,35257.66,35257.66,1,5506.0,0,7.83,NORMAL
C755322461,36827.4,36827.4,1,0.0,1,7.95,NORMAL
C2038555697,98173.78,98173.78,1,98173.78000000003,0,14.73,NORMAL
C84048389,159810.13,159810.13,1,21162.0,0,0.01,NORMAL
C593802022,227340.98,227340.98,1,0.0,1,5.33,NORMAL
C1754590451,41805.92,41805.92,1,0.0,1,6.21,NORMAL
C467863283,63436.7,63436.7,1,16182.0,0,4.4,NORMAL
C764104255,60384.41,60384.41,1,0.0,1,5.14,NORMAL
C731964867,48391.25,48391.25,1,0.0,1,5.75,NORMAL
C769946722,120801.75,120801.75,1,0.0,1,2.24,NORMAL
C757524504,157054.22,157054.22,1,213.0,0,1.81,NORMAL
C1316432697,123980.94,123980.94,1,8123.0,0,1.53,NORMAL
C785867503,1576791.48,1576791.48,1,102245.0,0,59.41,AT_RISK
C896169346,101101.05,101101.05,1,0.0,1,3.03,NORMAL
C1609156582,365149.62,365149.62,1,365149.62,0,53.71,NORMAL
C327850970,113511.07,113511.07,1,0.0,1,2.52,NORMAL
C685133321,103000.19,103000.19,1,40118.0,0,4.51,NORMAL
C1082167725,190112.2,190112.2,1,0.0,1,3.5,NORMAL
C194088609,489944.93,489944.93,1,489944.93,0,63.58,AT_RISK
C1148259712,1505779.29,1505779.29,1,0.0,1,55.64,AT_RISK
C2086085896,70987.11,70987.11,1,70987.11000000034,0,12.09,NORMAL
C543363131,5505360.12,5505360.12,1,23531.0,0,84.41,FRAUD
C781153857,453070.75,453070.75,1,0.0,1,18.02,NORMAL
C266431262,20929.95,20929.95,1,1357.0,0,9.72,NORMAL
C1126738304,152272.16,152272.16,1,0.0,1,1.75,NORMAL
C2124537982,547366.24,547366.24,1,0.0,1,24.36,NORMAL
C2094053407,16209.7,16209.7,1,0.0,1,12.92,NORMAL
C1634370316,104986.49,104986.49,1,0.0,1,3.26,NORMAL
C722259482,198928.07,198928.07,1,0.0,1,3.36,NORMAL
C960841583,274623.66,274623.66,1,54085.0,0,7.69,NORMAL
C2016959196,198427.92,198427.92,1,111.0,0,3.52,NORMAL
C295198292,7186538.41,7186538.41,1,133982.0,0,90.5,FRAUD
C745302771,275025.88,275025.88,1,97394.0,0,12.87,NORMAL
C1690419695,46653.66,46653.66,1,786.0,0,6.98,NORMAL
C46398269,2490191.49,2490191.49,1,0.0,1,69.63,AT_RISK
C242400587,3031023.42,3031023.42,1,0.0,1,74.52,AT_RISK
C1888177932,401648.75,401648.75,1,0.0,1,15.71,NORMAL
C1828801947,2448369.66,2448369.66,1,0.0,1,69.31,AT_RISK
C522027437,97985.3,97985.3,1,22536.0,0,2.59,NORMAL
C1915585146,406576.15,406576.15,1,0.0,1,16.24,NORMAL
C209733968,40365.64,40365.64,1,0.0,1,6.44,NORMAL
C1435086150,70672.03,70672.03,1,0.0,1,3.94,NORMAL
C1627259509,164017.34,164017.34,1,22507.0,0,0.24,NORMAL
C1232637467,240760.68,240760.68,1,21662.0,0,2.03,NORMAL
C927909130,32147.45,32147.45,1,0.0,1,9.41,NORMAL
C1242472335,165829.98,165829.98,1,0.0,1,2.45,NORMAL
C1866532048,46396.46,46396.46,1,46396.46,0,9.26,NORMAL
C378011911,181490.28,181490.28,1,0.0,1,2.86,NORMAL
C435807716,37225.88,37225.88,1,0.0,1,7.69,NORMAL
C137786639,118673.49,118673.49,1,41358.0,0,4.29,NORMAL
C1956667404,253174.08,253174.08,1,92943.0,0,11.94,NORMAL
C935284046,239141.95,239141.95,1,0.0,1,5.19,NORMAL
C1372591587,27975.24,27975.24,1,280.0,0,9.87,NORMAL
C659441030,411064.66,411064.66,1,0.0,1,16.06,NORMAL
C852111086,146338.81,146338.81,1,6269.0,0,1.86,NORMAL
C561342055,151398.49,151398.49,1,0.0,1,1.76,NORMAL
C1096713432,1715888.63,1715888.63,1,69491.7,0,59.51,AT_RISK
C2022027640,46142.99,46142.99,1,0.0,1,5.85,NORMAL
C630107705,214581.26,214581.26,1,1901.0,0,3.55,NORMAL
C746038304,69496.11,69496.11,1,39559.0,0,5.71,NORMAL
C917517675,23177.11,23177.11,1,0.0,1,11.37,NORMAL
C54070445,164890.69,164890.69,1,0.0,1,2.5,NORMAL
C1285830355,92209.8,92209.8,1,92209.80000000005,0,13.86,NORMAL
C2141438181,12371.55,12371.55,1,0.0,1,14.97,NORMAL
C769301036,32906.85,32906.85,1,0.0,1,8.87,NORMAL
C75185195,2341735.85,2341735.85,1,0.0,1,67.8,AT_RISK
C130644091,69830.26,69830.26,1,0.0,1,4.01,NORMAL
C1006288040,116029.15,116029.15,1,0.0,1,2.24,NORMAL
C1763902504,70425.77,70425.77,1,70425.77,0,12.19,NORMAL
C888618016,98528.52,98528.52,1,0.0,1,2.73,NORMAL
C1912418436,816255.51,816255.51,1,0.0,1,37.38,NORMAL
C829770876,37178.65,37178.65,1,0.0,1,7.74,NORMAL
C70085436,2445749.87,2445749.87,1,16497.0,0,66.02,AT_RISK
C1270758400,49985.61,49985.61,1,0.0,1,5.68,NORMAL
C1605239323,211393.95,211393.95,1,1005.0,0,3.51,NORMAL
C542565473,143252.74,143252.74,1,727.0,0,2.26,NORMAL
C1147778535,2084203.47,2084203.47,1,0.0,1,64.28,AT_RISK
C161100284,155844.51,155844.51,1,0.0,1,1.62,NORMAL
C1677740062,10084.04,10084.04,1,0.0,1,16.09,NORMAL
C38255877,129175.45,129175.45,1,0.0,1,1.7,NORMAL
C72884099,174510.02,174510.02,1,0.0,1,2.9,NORMAL
C662925495,144493.2,144493.2,1,37649.0,0,2.84,NORMAL
C1132209959,293010.72,293010.72,1,52669.0,0,7.81,NORMAL
C1393649148,10000000.0,10000000.0,1,10316.0,0,92.22,FRAUD
C676728050,109177.26,109177.26,1,54999.44,0,7.25,NORMAL
C1918993676,40203.36,40203.36,1,0.0,1,6.59,NORMAL
C1775006921,215956.97,215956.97,1,0.0,1,5.11,NORMAL
C452849025,329979.88,329979.88,1,0.0,1,9.54,NORMAL
C201103347,437590.24,437590.24,1,38832.0,0,15.89,NORMAL
C453804549,55110.48,55110.48,1,0.0,1,5.11,NORMAL
C368332238,103075.67,103075.67,1,103075.67,0,14.46,NORMAL
C781513570,142374.98,142374.98,1,0.0,1,1.8,NORMAL
C1291715072,15757.92,15757.92,1,15757.92,0,10.21,NORMAL
C541285877,428413.13,428413.13,1,23849.0,0,13.83,NORMAL
C1456354036,343970.32,343970.32,1,0.0,1,10.88,NORMAL
C1455871890,59839.73,59839.73,1,0.0,1,5.01,NORMAL
C1056237185,1274.0,1274.0,1,0.0,1,21.64,NORMAL
C206734533,418736.33,418736.33,1,122814.0,0,27.18,NORMAL
C1750174046,92319.6,92319.6,1,0.0,1,3.66,NORMAL
C466871230,56000.44,56000.44,1,0.0,1,5.28,NORMAL
C1420746562,65797.12,65797.12,1,0.0,1,4.28,NORMAL
C665666005,136462.46,136462.46,1,0.0,1,1.68,NORMAL
C328994532,372697.16,372697.16,1,72662.0,0,15.25,NORMAL
C560975402,37033.5,37033.5,1,0.0,1,7.8,NORMAL
C313182715,543368.04,543368.04,1,543368.04,0,67.07,AT_RISK
C1104612016,135918.37,135918.37,1,0.0,1,1.61,NORMAL
C2035835134,55285.41,55285.41,1,11651.0,0,4.59,NORMAL
C1039302596,292921.85,292921.85,1,24833.0,0,4.18,NORMAL
C999321166,259303.65,259303.65,1,22479.0,0,3.21,NORMAL
C642343270,277681.51,277681.51,1,25410.0,0,4.34,NORMAL
C1536755560,286198.13,286198.13,1,100092.0,0,13.83,NORMAL
C489333552,248066.7,248066.7,1,0.0,1,5.58,NORMAL
C1617007622,244520.94,244520.94,1,44157.0,0,5.12,NORMAL
C255116485,14566.46,14566.46,1,14566.46,0,11.12,NORMAL
C828897897,98266.36,98266.36,1,701.0,0,4.15,NORMAL
C728731631,167163.54,167163.54,1,107897.0,0,13.33,NORMAL
C585845464,210077.29,210077.29,1,170.0,0,4.25,NORMAL
C1992141438,90138.15,90138.15,1,750.0,0,4.46,NORMAL
C464619054,1330547.9,1330547.9,1,31021.0,0,49.9,NORMAL
C1738457403,205485.1,205485.1,1,0.0,1,3.62,NORMAL
C938974013,43320.91,43320.91,1,0.0,1,5.85,NORMAL
C366375858,149545.23,149545.23,1,0.0,1,1.74,NORMAL
C1442696578,55964.71,55964.71,1,21696.0,0,4.15,NORMAL
C784140369,396556.6,396556.6,1,0.0,1,14.83,NORMAL
C881650710,19862.59,19862.59,1,19862.589999999997,0,8.76,NORMAL
C332564438,506667.39,506667.39,1,0.0,1,22.41,NORMAL
C1984694370,149771.77,149771.77,1,30781.0,0,2.26,NORMAL
C1765680369,651653.36,651653.36,1,0.0,1,29.51,NORMAL
C339669703,360289.35,360289.35,1,15624.0,0,8.58,NORMAL
C1454819119,86212.53,86212.53,1,86212.53,0,13.67,NORMAL
C41401273,157509.73,157509.73,1,2082.0,0,1.22,NORMAL
C1279400066,139930.5,139930.5,1,0.0,1,1.7,NORMAL
C1351663874,2537773.02,2537773.02,1,14852.0,0,66.99,AT_RISK
C618692808,66040.35,66040.35,1,113.0,0,5.67,NORMAL
C1895468708,53089.93,53089.93,1,53089.92999999999,0,9.78,NORMAL
C1645994075,145204.72,145204.72,1,0.0,1,1.79,NORMAL
C477766468,179488.62,179488.62,1,5010.0,0,1.76,NORMAL
C1572463521,1913084.83,1913084.83,1,0.0,1,62.92,AT_RISK
C1700376508,2306620.93,2306620.93,1,2516.0,0,63.57,AT_RISK
C779518274,269517.28,269517.28,1,124299.0,0,18.57,NORMAL
C1259755459,504434.74,504434.74,1,0.0,1,22.08,NORMAL
C1912755229,168794.39,168794.39,1,0.0,1,2.87,NORMAL
C1195469187,146934.48,146934.48,1,0.0,1,2.05,NORMAL
C237221477,148225.13,148225.13,1,0.0,1,1.7,NORMAL
C1282729579,173202.44,173202.44,1,0.0,1,2.84,NORMAL
C1003790508,96467.28,96467.28,1,40925.0,0,4.96,NORMAL
C2134331942,205549.71,205549.71,1,0.0,1,3.69,NORMAL
C190161867,150415.73,150415.73,1,81121.74,0,9.61,NORMAL
C579784323,241803.49,241803.49,1,2094.0,0,3.08,NORMAL
C151921468,187822.06,187822.06,1,40087.0,0,3.57,NORMAL
C2030631811,77031.64,77031.64,1,37826.32,0,5.22,NORMAL
C1192026126,63160.76,63160.76,1,31179.0,0,5.46,NORMAL
C124281897,486027.43,486027.43,1,10955.0,0,17.51,NORMAL
C1290353949,2441454.85,2441454.85,1,0.0,1,69.21,AT_RISK
C1410519755,4936543.1,4936543.1,1,0.0,1,85.21,FRAUD
C5167214,630643.96,630643.96,1,11445.0,0,25.64,NORMAL
C1715189265,581706.16,581706.16,1,581706.16,0,68.34,AT_RISK
C955177881,15535.51,15535.51,1,0.0,1,13.44,NORMAL
C1870913392,732694.03,732694.03,1,0.0,1,34.53,NORMAL
C905383411,8104.72,8104.72,1,0.0,1,17.69,NORMAL
C232671668,190357.53,190357.53,1,124778.81,0,16.71,NORMAL
C1416370023,521638.58,521638.58,1,21063.0,0,19.03,NORMAL
C697635243,119795.44,119795.44,1,5595.0,0,2.51,NORMAL
C1315611285,308208.91,308208.91,1,0.0,1,6.8,NORMAL
C472640388,4260596.15,4260596.15,1,0.0,1,82.09,FRAUD
C460969208,151393.17,151393.17,1,49333.0,0,4.36,NORMAL
C27553280,6267.34,6267.34,1,0.0,1,18.5,NORMAL
C965600545,1034.76,1034.76,1,816.0,0,15.9,NORMAL
C2141625473,2401504.42,2401504.42,1,0.0,1,68.79,AT_RISK
C1593057083,92652.79,92652.79,1,59857.0,0,8.03,NORMAL
C1444741066,115344.49,115344.49,1,1282.0,0,2.82,NORMAL
C1466864573,153819.23,153819.23,1,0.0,1,1.86,NORMAL
C1945716984,82112.6,82112.6,1,0.0,1,4.42,NORMAL
C172754220,282881.75,282881.75,1,52962.0,0,7.24,NORMAL
C688619312,176511.95,176511.95,1,0.0,1,2.84,NORMAL
C1005997884,388315.29,388315.29,1,78543.0,0,16.36,NORMAL
C1316523865,139508.6,139508.6,1,0.0,1,1.66,NORMAL
C1213751399,84891.22,84891.22,1,69912.06,0,11.22,NORMAL
C585982542,62468.58,62468.58,1,24229.0,0,4.29,NORMAL
C1011055575,149507.39,149507.39,1,0.0,1,1.74,NORMAL
C2075686360,710764.95,710764.95,1,11508.0,0,29.53,NORMAL
C108931212,140656.37,140656.37,1,0.0,1,1.52,NORMAL
C1728344274,516778.06,516778.06,1,319382.89,0,55.74,AT_RISK
C187435587,89795.1,89795.1,1,89795.09999999998,0,13.38,NORMAL
C1875539873,55571.23,55571.23,1,262.0,0,6.63,NORMAL
C1635874629,1150980.55,1150980.55,1,782.0,0,45.95,NORMAL
C269333663,137470.19,137470.19,1,52724.0,0,5.19,NORMAL
C1335273043,180691.76,180691.76,1,57479.0,0,4.96,NORMAL
C1075370721,142273.53,142273.53,1,142273.53000000003,0,19.43,NORMAL
C1449454720,58463.44,58463.44,1,49984.0,0,8.5,NORMAL
C1436000995,310268.73,310268.73,1,54893.0,0,8.82,NORMAL
C1471410715,330989.22,330989.22,1,21075.0,0,6.59,NORMAL
C2094958548,221142.89,221142.89,1,69637.0,0,8.49,NORMAL
C245294739,175656.46,175656.46,1,0.0,1,2.85,NORMAL
C2093424200,290751.63,290751.63,1,0.0,1,7.19,NORMAL
C124956621,509175.42,509175.42,1,0.0,1,22.35,NORMAL
C1564729172,55849.36,55849.36,1,774.0,0,6.22,NORMAL
C650779406,3040980.52,3040980.52,1,0.0,1,74.6,AT_RISK
C1042927834,177668.66,177668.66,1,20978.0,0,0.36,NORMAL
C1962394671,271899.28,271899.28,1,0.0,1,7.14,NORMAL
C407422824,464879.99,464879.99,1,396677.46,0,59.62,AT_RISK
C1383747515,441012.77,441012.77,1,0.0,1,17.58,NORMAL
C685537208,70628.4,70628.4,1,70628.40000000002,0,12.3,NORMAL
C1466647378,249575.67,249575.67,1,24622.0,0,2.88,NORMAL
C2132596918,155053.41,155053.41,1,52301.0,0,4.11,NORMAL
C1294209614,111734.48,111734.48,1,50218.0,0,5.96,NORMAL
C657064826,2447232.85,2447232.85,1,7043.0,0,66.2,AT_RISK
C1838817659,64581.5,64581.5,1,0.0,1,4.7,NORMAL
C1029119065,147638.22,147638.22,1,0.0,1,1.83,NORMAL
C1917003648,57172.39,57172.39,1,10853.0,0,4.38,NORMAL
C352345488,28948.79,28948.79,1,360.0,0,9.93,NORMAL
C1892406140,10000000.0,10000000.0,1,160441.0,0,94.24,FRAUD
C1594040459,90076.59,90076.59,1,0.0,1,3.7,NORMAL
C1783574270,112409.21,112409.21,1,0.0,1,2.45,NORMAL
C1418985026,135113.43,135113.43,1,0.0,1,1.57,NORMAL
C1598158401,636518.9,636518.9,1,96891.0,0,35.6,NORMAL
C1650803923,402982.82,402982.82,1,41693.0,0,14.14,NORMAL
C1110355319,214237.28,214237.28,1,13289.0,0,2.87,NORMAL
C525573834,59720.21,59720.21,1,0.0,1,4.99,NORMAL
C1027816810,50542.0,50542.0,1,0.0,1,5.35,NORMAL
C1073899639,845.86,845.86,1,845.8599999999997,0,15.92,NORMAL
C34754071,118527.87,118527.87,1,0.0,1,1.97,NORMAL
C1742366051,31199.88,31199.88,1,31199.880000000005,0,9.49,NORMAL
C1009764686,48101.8,48101.8,1,0.0,1,5.62,NORMAL
C917138115,271735.72,271735.72,1,20380.0,0,3.79,NORMAL
C1719689544,35473.54,35473.54,1,35473.54000000004,0,9.57,NORMAL
C1562917572,94937.61,94937.61,1,42040.0,0,5.25,NORMAL
C2142161315,50975.53,50975.53,1,0.0,1,5.18,NORMAL
C63195592,299466.31,299466.31,1,3218.0,0,5.2,NORMAL
C196736296,2138432.08,2138432.08,1,0.0,1,65.17,AT_RISK
C1502476042,162801.94,162801.94,1,21833.0,0,0.33,NORMAL
C1125334366,232674.74,232674.74,1,0.0,1,5.07,NORMAL
C1954830852,50401.31,50401.31,1,0.0,1,5.3,NORMAL
C101742476,9087.31,9087.31,1,9087.300000000003,0,12.38,NORMAL
C357361015,213914.2,213914.2,1,3855.0,0,3.72,NORMAL
C423659629,1617107.75,1617107.75,1,0.0,1,57.56,AT_RISK
C1300125773,136191.88,136191.88,1,0.0,1,1.68,NORMAL
C1670058397,134701.08,134701.08,1,0.0,1,1.55,NORMAL
C602531433,82191.54,82191.54,1,0.0,1,4.42,NORMAL
C665965527,488988.39,488988.39,1,85549.51,0,25.03,NORMAL
C827466259,66498.99,66498.99,1,25340.0,0,4.01,NORMAL
C1559592679,10000000.0,10000000.0,1,21288.0,0,92.31,FRAUD
C1417123679,310961.59,310961.59,1,0.0,1,7.35,NORMAL
C133322680,199987.37,199987.37,1,40.0,0,3.46,NORMAL
C1173153117,173928.24,173928.24,1,0.0,1,2.78,NORMAL
C156709413,56604.41,56604.41,1,30694.0,0,5.72,NORMAL
C1942272975,199880.28,199880.28,1,0.0,1,3.34,NORMAL
C1520613140,137064.45,137064.45,1,44251.63,0,3.77,NORMAL
C1683519853,133192.19,133192.19,1,0.0,1,1.53,NORMAL
C1939851019,364731.6,364731.6,1,0.0,1,12.02,NORMAL
C1291974436,1940572.3,1940572.3,1,0.0,1,63.23,AT_RISK
C726221696,126272.68,126272.68,1,126272.68000000001,0,18.05,NORMAL
C200399525,10018.85,10018.85,1,874.0,0,12.79,NORMAL
C916960732,43145.84,43145.84,1,0.0,1,5.85,NORMAL
C555831620,149504.04,149504.04,1,149504.04,0,21.31,NORMAL
C835630299,137541.5,137541.5,1,52329.0,0,5.17,NORMAL
C1548354743,1516.78,1516.78,1,718.0,0,15.52,NORMAL
C591912919,101748.26,101748.26,1,7740.49,0,2.63,NORMAL
C1039169471,185951.56,185951.56,1,0.0,1,3.56,NORMAL
C419976699,103210.76,103210.76,1,0.0,1,3.13,NORMAL
C930831565,20549.96,20549.96,1,0.0,1,12.05,NORMAL
C1243091082,559634.36,559634.36,1,149633.0,0,39.29,NORMAL
C1498881170,183246.49,183246.49,1,33074.0,0,2.32,NORMAL
C135979491,10081.89,10081.89,1,0.0,1,16.09,NORMAL
C1194885074,84719.85,84719.85,1,6497.0,0,3.94,NORMAL
C155474398,48724097.09,48724097.09,1,0.0,1,100.0,FRAUD
C1635810554,32648.21,32648.21,1,0.0,1,9.26,NORMAL
C1477927218,217351.44,217351.44,1,14894.0,0,2.59,NORMAL
C2089474645,286373.41,286373.41,1,538.0,0,5.04,NORMAL
C557951598,15063.44,15063.44,1,10280.0,0,10.26,NORMAL
C1212094235,66793.39,66793.39,1,66793.39,0,13.29,NORMAL
C539888670,72983.04,72983.04,1,0.0,1,3.94,NORMAL
C1357109555,243538.97,243538.97,1,0.0,1,5.5,NORMAL
C510263662,386548.1,386548.1,1,0.0,1,14.63,NORMAL
C2031397595,147813.67,147813.67,1,0.0,1,1.7,NORMAL
C956716120,98734.43,98734.43,1,0.0,1,2.72,NORMAL
C1898941547,1977102.15,1977102.15,1,101817.0,0,64.49,AT_RISK
C1864667571,102723.05,102723.05,1,29788.0,0,3.24,NORMAL
C1738799969,301696.3,301696.3,1,47463.0,0,7.56,NORMAL
C520787456,264704.99,264704.99,1,21269.0,0,3.46,NORMAL
C765253541,391521.64,391521.64,1,0.0,1,14.83,NORMAL
C410378455,175838.52,175838.52,1,175838.52000000002,0,25.21,NORMAL
C434344591,406821.0,406821.0,1,0.0,1,16.15,NORMAL
C1537491556,2591076.41,2591076.41,1,0.0,1,70.51,AT_RISK
C1980123381,148704.54,148704.54,1,148704.53999999998,0,21.03,NORMAL
C964718654,210677.64,210677.64,1,0.0,1,4.38,NORMAL
C2075650339,48801.76,48801.76,1,48801.759999999995,0,9.69,NORMAL
C410460491,113386.48,113386.48,1,0.0,1,2.48,NORMAL
C372956473,74333.12,74333.12,1,0.0,1,3.61,NORMAL
C1020342736,39691.98,39691.98,1,39691.97999999998,0,9.98,NORMAL
C191644760,29047.26,29047.26,1,29047.26000000001,0,9.73,NORMAL
C1015609467,245229.33,245229.33,1,29206.41,0,3.85,NORMAL
C2027917123,79651.33,79651.33,1,15864.0,0,3.2,NORMAL
C708761400,260111.53,260111.53,1,0.0,1,6.76,NORMAL
C1616007055,280684.79,280684.79,1,50967.0,0,7.11,NORMAL
C667584802,265263.25,265263.25,1,6527.0,0,4.9,NORMAL
C1272985665,140559.45,140559.45,1,50409.0,0,4.75,NORMAL
C1249891592,463736.65,463736.65,1,0.0,1,19.43,NORMAL
C2071063001,118580.2,118580.2,1,118580.20000000001,0,16.94,NORMAL
C896724763,235966.35,235966.35,1,69718.0,0,8.54,NORMAL
C1689773194,62308.92,62308.92,1,0.0,1,4.74,NORMAL
C1459440347,83852.59,83852.59,1,9907.0,0,3.0,NORMAL
C620548083,2226070.66,2226070.66,1,303184.0,0,77.02,AT_RISK
C1709605511,105902.76,105902.76,1,105902.76000000001,0,14.88,NORMAL
C6820163,15722.65,15722.65,1,1575.0,0,11.03,NORMAL
C835453107,129975.57,129975.57,1,0.0,1,1.68,NORMAL
C1185066497,1903723.81,1903723.81,1,0.0,1,62.87,AT_RISK
C1039004368,199950.54,199950.54,1,50277.0,0,4.47,NORMAL
C971716363,199202.22,199202.22,1,0.0,1,3.36,NORMAL
C1350156663,125915.26,125915.26,1,0.0,1,1.81,NORMAL
C1253065800,142534.2,142534.2,1,35759.0,0,2.86,NORMAL
C773860219,29228.07,29228.07,1,0.0,1,9.9,NORMAL
C105979158,289569.3,289569.3,1,0.0,1,7.13,NORMAL
C1842207070,152469.54,152469.54,1,21247.0,0,0.34,NORMAL
C1943559410,197281.93,197281.93,1,73573.0,0,8.2,NORMAL
C2123966620,11900.16,11900.16,1,11900.160000000003,0,11.33,NORMAL
C891276919,592443.66,592443.66,1,592443.66,0,69.11,AT_RISK
C1340404901,449226.4,449226.4,1,0.0,1,17.84,NORMAL
C1796835611,133786.11,133786.11,1,0.0,1,1.7,NORMAL
C1380929091,329191.36,329191.36,1,5053.0,0,7.48,NORMAL
C664368424,148054.76,148054.76,1,10642.0,0,0.74,NORMAL
C1578019969,105455.19,105455.19,1,0.0,1,3.21,NORMAL
C1154359198,91756.07,91756.07,1,0.0,1,3.67,NORMAL
C1319022090,3132360.21,3132360.21,1,260685.0,0,82.68,FRAUD
C1728483215,46891.51,46891.51,1,0.0,1,5.73,NORMAL
C1072358800,179571.91,179571.91,1,0.0,1,2.7,NORMAL
C1485873153,158084.16,158084.16,1,153959.8,0,21.84,NORMAL
C1207552136,277256.47,277256.47,1,0.0,1,7.01,NORMAL
C940504469,44565.37,44565.37,1,0.0,1,5.78,NORMAL
C1426269193,223540.72,223540.72,1,99010.0,0,12.19,NORMAL
C1650777975,929638.46,929638.46,1,0.0,1,40.96,NORMAL
C1626351650,441292.53,441292.53,1,4321.0,0,14.72,NORMAL
C2021551715,137811.1,137811.1,1,137811.09999999998,0,19.17,NORMAL
C1999155314,170850.77,170850.77,1,0.0,1,2.97,NORMAL
C1152448976,131750.46,131750.46,1,52449.0,0,5.11,NORMAL
C87115061,362350.19,362350.19,1,697.0,0,9.76,NORMAL
C150952351,220801.24,220801.24,1,0.0,1,5.03,NORMAL
C903098975,3616814.51,3616814.51,1,11511.0,0,77.16,AT_RISK
C1898140944,196821.54,196821.54,1,38668.0,0,3.52,NORMAL
C1768955214,75935.44,75935.44,1,0.0,1,4.37,NORMAL
C330198568,153145.03,153145.03,1,10075.0,0,0.66,NORMAL
C1278346490,1916586.76,1916586.76,1,0.0,1,63.03,AT_RISK
C219346685,127527.89,127527.89,1,13349.0,0,1.83,NORMAL
C105493020,179600.86,179600.86,1,0.0,1,2.7,NORMAL
C1368168599,280923.65,280923.65,1,0.0,1,7.1,NORMAL
C903359106,37438.7,37438.7,1,32057.0,0,8.71,NORMAL
C1703387520,353366.03,353366.03,1,0.0,1,11.34,NORMAL
C896567975,115053.56,115053.56,1,102205.0,0,13.69,NORMAL
C558463614,440918.1,440918.1,1,3983.0,0,14.85,NORMAL
C877014249,191790.69,191790.69,1,3171.0,0,2.54,NORMAL
C2070573882,326162.82,326162.82,1,23962.0,0,5.96,NORMAL
C394344903,356105.94,356105.94,1,19551.19,0,8.09,NORMAL
C1943428189,229824.86,229824.86,1,0.0,1,4.85,NORMAL
C118473277,4350175.54,4350175.54,1,105669.0,0,83.03,FRAUD
C1340818050,26304.36,26304.36,1,26304.36,0,9.86,NORMAL
C2079759404,10564443.71,10564443.71,1,0.0,1,94.67,FRAUD
C129101560,513372.86,513372.86,1,28901.0,0,19.69,NORMAL
C7796705,634114.52,634114.52,1,0.0,1,28.94,NORMAL
C795539766,42102.12,42102.12,1,0.0,1,6.03,NORMAL
C1796859127,151378.99,151378.99,1,11087.0,0,0.78,NORMAL
C1236573995,39060.64,39060.64,1,0.0,1,6.69,NORMAL
C292641675,1058798.42,1058798.42,1,10391.0,0,43.83,NORMAL
C1265805587,22448.53,22448.53,1,0.0,1,11.02,NORMAL
C1204234536,25866.65,25866.65,1,19160.0,0,8.52,NORMAL
C314889809,64371.61,64371.61,1,0.0,1,4.75,NORMAL
C1011286891,163847.94,163847.94,1,11254.0,0,0.27,NORMAL
C1522909108,169743.78,169743.78,1,169743.78,0,24.32,NORMAL
C86752267,179563.25,179563.25,1,0.0,1,2.7,NORMAL
C824647009,607325.41,607325.41,1,0.0,1,28.18,NORMAL
C1445024939,2037965.88,2037965.88,1,0.0,1,64.11,AT_RISK
C1883530876,419000.52,419000.52,1,97906.0,0,22.92,NORMAL
C237820400,244034.24,244034.24,1,117.0,0,3.74,NORMAL
C1061543608,246466.61,246466.61,1,14421.0,0,3.14,NORMAL
C1472755897,236262.75,236262.75,1,0.0,1,5.12,NORMAL
C975671702,68458.37,68458.37,1,20973.0,0,3.0,NORMAL
C384546879,251903.57,251903.57,1,0.0,1,5.77,NORMAL
C813746583,5072392.7,5072392.7,1,82040.0,0,84.82,FRAUD
C341644440,1830181.65,1830181.65,1,49520.0,0,59.41,AT_RISK
C2103356639,161276.51,161276.51,1,0.0,1,2.07,NORMAL
C187793970,260582.68,260582.68,1,78553.98,0,10.04,NORMAL
C1478028126,273397.32,273397.32,1,0.0,1,7.04,NORMAL
C544208551,366930.91,366930.91,1,0.0,1,12.46,NORMAL
C2059661879,436909.1,436909.1,1,2063.0,0,14.16,NORMAL
C1824128824,117146.69,117146.69,1,20062.0,0,1.6,NORMAL
C1159140488,25022.46,25022.46,1,0.0,1,10.89,NORMAL
C552586770,22255.3,22255.3,1,0.0,1,11.24,NORMAL
C682243638,202612.35,202612.35,1,0.0,1,3.66,NORMAL
C953437121,216868.1,216868.1,1,216868.1,0,32.81,NORMAL
C983608996,37508.5,37508.5,1,0.0,1,7.45,NORMAL
C1751175889,113145.81,113145.81,1,0.0,1,2.49,NORMAL
C387196772,365185.62,365185.62,1,51373.0,0,12.21,NORMAL
C2101858224,90448.37,90448.37,1,0.0,1,3.75,NORMAL
C1404468832,111002.54,111002.54,1,0.0,1,2.75,NORMAL
C411629014,259233.13,259233.13,1,51465.0,0,6.82,NORMAL
C109791931,145691.55,145691.55,1,12238.0,0,1.05,NORMAL
C1227844079,80944.44,80944.44,1,0.0,1,4.03,NORMAL
C328553833,315273.17,315273.17,1,46335.0,0,8.2,NORMAL
C2088263439,133615.23,133615.23,1,7180.0,0,1.68,NORMAL
C1001621660,1627166.42,1627166.42,1,0.0,1,57.72,AT_RISK
C522079758,18752.97,18752.97,1,18752.97,0,9.02,NORMAL
C1397585850,42496.69,42496.69,1,0.0,1,5.87,NORMAL
C160840227,8429272.61,8429272.61,1,0.0,1,92.88,FRAUD
C1131228257,35027.87,35027.87,1,35027.869999999995,0,9.57,NORMAL
C1971475725,256932.94,256932.94,1,11411.0,0,3.06,NORMAL
C2064343998,91581.91,91581.91,1,0.0,1,3.65,NORMAL
C1620548194,79271.98,79271.98,1,0.0,1,3.94,NORMAL
C1216200833,257338.26,257338.26,1,0.0,1,6.56,NORMAL
C1911095423,269366.8,269366.8,1,0.0,1,7.13,NORMAL
C715801088,81080.15,81080.15,1,0.0,1,4.03,NORMAL
C879535390,190995.42,190995.42,1,190995.42,0,27.43,NORMAL
C703670471,117948.9,117948.9,1,0.0,1,1.99,NORMAL
C1449480284,700102.34,700102.34,1,60.0,0,29.51,NORMAL
C565365100,23649.32,23649.32,1,23649.320000000007,0,9.17,NORMAL
C491552765,154801.74,154801.74,1,0.0,1,2.08,NORMAL
C1385837494,211157.72,211157.72,1,0.0,1,4.38,NORMAL
C2038534855,4423285.27,4423285.27,1,0.0,1,82.97,FRAUD
C1407554161,165778.41,165778.41,1,45685.0,0,3.38,NORMAL
C497265393,319465.72,319465.72,1,0.0,1,8.3,NORMAL
C957542929,102210.78,102210.78,1,0.0,1,3.01,NORMAL
C657220994,80869.87,80869.87,1,41798.0,0,5.56,NORMAL
C1917320719,10000000.0,10000000.0,1,50040.0,0,92.32,FRAUD
C520700943,232444.74,232444.74,1,0.0,1,5.07,NORMAL
C2035014282,880326.04,880326.04,1,0.0,1,39.19,NORMAL
C898679117,702138.45,702138.45,1,64142.38,0,33.87,NORMAL
C2006177270,51114.15,51114.15,1,11623.0,0,4.72,NORMAL
C1117823277,132480.97,132480.97,1,2017.0,0,2.21,NORMAL
C370771652,52271.34,52271.34,1,0.0,1,5.5,NORMAL
C619032673,186411.91,186411.91,1,0.0,1,3.7,NORMAL
C1100671971,71383.0,71383.0,1,0.0,1,3.93,NORMAL
C1596492634,118417.81,118417.81,1,0.0,1,1.98,NORMAL
C1507261524,26871.6,26871.6,1,26871.599999999977,0,10.1,NORMAL
C108521131,403474.55,403474.55,1,0.0,1,15.97,NORMAL
C1877700023,246455.46,246455.46,1,12568.0,0,3.0,NORMAL
C1910616687,22868.61,22868.61,1,0.0,1,11.29,NORMAL
C777876719,107527.28,107527.28,1,0.0,1,3.17,NORMAL
C755964885,251465.81,251465.81,1,0.0,1,5.81,NORMAL
C1018399492,3384027.63,3384027.63,1,339.0,0,74.38,AT_RISK
C939731113,41885.25,41885.25,1,0.0,1,6.2,NORMAL
C2007706673,9834.94,9834.94,1,9834.94,0,12.32,NORMAL
C770733713,133367.3,133367.3,1,0.0,1,1.46,NORMAL
C2099263288,297452.8,297452.8,1,1397.0,0,4.71,NORMAL
C340114756,228798.33,228798.33,1,228798.33000000002,0,34.07,NORMAL
C1353404905,475857.26,475857.26,1,0.0,1,20.11,NORMAL
C673323452,730294.34,730294.34,1,471329.62,0,67.78,AT_RISK
C1174115181,22888.26,22888.26,1,0.0,1,11.29,NORMAL
C1881611384,167622.56,167622.56,1,30099.87,0,1.66,NORMAL
C619499714,702559.07,702559.07,1,5454.0,0,29.92,NORMAL
C1737089233,58634.22,58634.22,1,9929.0,0,4.3,NORMAL
C1704979918,137389.68,137389.68,1,0.0,1,1.59,NORMAL
C176721802,2209957.66,2209957.66,1,6029.0,0,62.32,AT_RISK
C642596664,71897.39,71897.39,1,71897.39,0,12.05,NORMAL
C1571570510,140608.09,140608.09,1,80803.93,0,9.68,NORMAL
C1536544941,234520.72,234520.72,1,33233.0,0,3.85,NORMAL
C1738859603,2868978.5,2868978.5,1,0.0,1,73.47,AT_RISK
C1858620520,2181275.84,2181275.84,1,49170.0,0,64.17,AT_RISK
C305726327,108689.5,108689.5,1,21895.0,0,2.2,NORMAL
C2139058215,700178.36,700178.36,1,0.0,1,32.48,NORMAL
C100795524,72752.17,72752.17,1,0.0,1,3.95,NORMAL
C219745205,164478.79,164478.79,1,0.0,1,2.4,NORMAL
C1681082749,310185.71,310185.71,1,0.0,1,6.88,NORMAL
C879816847,480.5,480.5,1,0.0,1,21.88,NORMAL
C41116549,13911701.66,13911701.66,1,0.0,1,95.9,FRAUD
C1177127832,10005.87,10005.87,1,0.0,1,16.14,NORMAL
C574159850,98445.24,98445.24,1,0.0,1,2.73,NORMAL
C464263368,651883.2,651883.2,1,0.0,1,29.51,NORMAL
C620708236,216975.8,216975.8,1,0.0,1,4.93,NORMAL
C463210156,322749.93,322749.93,1,19983.0,0,5.77,NORMAL
C143231311,490624.46,490624.46,1,19839.0,0,16.98,NORMAL
C2070762384,377269.84,377269.84,1,0.0,1,13.27,NORMAL
C1289478876,338006.14,338006.14,1,300802.0,0,46.81,NORMAL
C32690458,5156.87,5156.87,1,0.0,1,19.2,NORMAL
C1474656087,69588.35,69588.35,1,0.0,1,4.01,NORMAL
C266501101,168478.82,168478.82,1,73514.0,0,7.86,NORMAL
C1160814393,376937.34,376937.34,1,12475.0,0,10.22,NORMAL
C1823464963,301141.31,301141.31,1,8.0,0,5.35,NORMAL
C1151153281,6933.48,6933.48,1,6933.48,0,14.24,NORMAL
C1063890902,898669.73,898669.73,1,0.0,1,39.88,NORMAL
C1832980561,1518845.4,1518845.4,1,0.0,1,55.94,AT_RISK
C401668077,328063.31,328063.31,1,2564.0,0,6.94,NORMAL
C15363457,155675.57,155675.57,1,175.0,0,1.7,NORMAL
C159185991,231850.38,231850.38,1,20543.0,0,1.94,NORMAL
C243746867,38466.25,38466.25,1,22103.0,0,6.51,NORMAL
C1726873097,298302.98,298302.98,1,41483.0,0,7.02,NORMAL
C1666372980,54774.0,54774.0,1,54774.0,0,10.67,NORMAL
C1338829786,115674.38,115674.38,1,115674.38,0,16.29,NORMAL
C539909453,399039.55,399039.55,1,0.0,1,15.24,NORMAL
C1295222635,13535.62,13535.62,1,11390.0,0,10.91,NORMAL
C1828924514,1931176.55,1931176.55,1,403467.7,0,79.24,AT_RISK
C19059967,196554.18,196554.18,1,36569.0,0,3.68,NORMAL
C1008765928,1101588.08,1101588.08,1,39532.0,0,45.04,NORMAL
C293069354,83081.12,83081.12,1,21780.0,0,2.65,NORMAL
C1686946576,72002.59,72002.59,1,0.0,1,3.94,NORMAL
C71123356,134979.07,134979.07,1,0.0,1,1.55,NORMAL
C1571909439,89267.05,89267.05,1,0.0,1,3.52,NORMAL
C379593187,249190.86,249190.86,1,16197.0,0,3.15,NORMAL
C1311061032,218674.44,218674.44,1,94509.75,0,11.56,NORMAL
C1003506107,288522.64,288522.64,1,103056.0,0,14.21,NORMAL
C856854353,178671.59,178671.59,1,0.0,1,2.56,NORMAL
C13627340,281404.45,281404.45,1,14601.0,0,4.23,NORMAL
C457418708,77942.49,77942.49,1,0.0,1,4.12,NORMAL
C1727363658,1998449.22,1998449.22,1,49711.0,0,61.92,AT_RISK
C1424322666,35997.83,35997.83,1,0.0,1,8.24,NORMAL
C1040298533,114239.99,114239.99,1,10847.0,0,1.76,NORMAL
C1320343021,181812.69,181812.69,1,31786.0,0,2.12,NORMAL
C220376757,29861.61,29861.61,1,29768.0,0,9.68,NORMAL
C432240614,335912.48,335912.48,1,16922.0,0,7.11,NORMAL
C732100990,306732.97,306732.97,1,0.0,1,6.77,NORMAL
C1561329715,27179.7,27179.7,1,27179.70000000007,0,10.1,NORMAL
C47906428,82543.11,82543.11,1,82543.10999999999,0,13.34,NORMAL
C1240725447,1570829.75,1570829.75,1,111176.69,0,59.84,AT_RISK
C1669626009,143139.67,143139.67,1,143139.67,0,19.45,NORMAL
C2014356054,159061.66,159061.66,1,5258.0,0,1.32,NORMAL
C1476446823,84675.96,84675.96,1,0.0,1,3.81,NORMAL
C426377857,82501.18,82501.18,1,0.0,1,4.28,NORMAL
C655499286,303911.8,303911.8,1,0.0,1,6.77,NORMAL
C76888669,1497199.15,1497199.15,1,14409.0,0,52.84,NORMAL
C597341824,658020.05,658020.05,1,16764.9,0,27.0,NORMAL
C1690671376,163288.17,163288.17,1,0.0,1,2.24,NORMAL
C517871133,378869.93,378869.93,1,0.0,1,13.42,NORMAL
C813722499,20344.98,20344.98,1,20344.98000000004,0,8.68,NORMAL
C1600211659,26151.92,26151.92,1,0.0,1,10.43,NORMAL
C1252438811,199569.64,199569.64,1,10919.0,0,1.86,NORMAL
C1676742411,398079.8,398079.8,1,131401.0,0,25.69,NORMAL
C1561706130,10000000.0,10000000.0,1,0.0,1,94.35,FRAUD
C1144635628,2580570.3,2580570.3,1,0.0,1,70.37,AT_RISK
C1430447820,489594.03,489594.03,1,134.0,0,18.4,NORMAL
C1608982030,249370.72,249370.72,1,0.0,1,5.57,NORMAL
C334428530,417631.18,417631.18,1,6681.53,0,13.85,NORMAL
C1238948575,125597.15,125597.15,1,0.0,1,1.81,NORMAL
C1752741104,19839.23,19839.23,1,369.0,0,10.44,NORMAL
C82637595,108433.07,108433.07,1,0.0,1,3.16,NORMAL
C161762344,305504.75,305504.75,1,20184.0,0,4.52,NORMAL
C1302658548,350436.63,350436.63,1,33680.05,0,9.16,NORMAL
C1207326393,237028.19,237028.19,1,6063.0,0,3.35,NORMAL
C454414142,53972.71,53972.71,1,0.0,1,4.8,NORMAL
C1153178802,640208.2,640208.2,1,11628.0,0,26.3,NORMAL
C2078220835,60265.11,60265.11,1,60265.11,0,11.62,NORMAL
C1789771135,181806.62,181806.62,1,0.0,1,3.03,NORMAL
C228817633,165910.05,165910.05,1,50148.0,0,3.94,NORMAL
C203422325,284944.54,284944.54,1,284944.54,0,43.67,NORMAL
C1151758834,29125.68,29125.68,1,29125.68,0,9.82,NORMAL
C425360983,181098.4,181098.4,1,166962.88,0,22.86,NORMAL
C1175365248,148442.25,148442.25,1,50320.0,0,4.66,NORMAL
C636719139,99436.06,99436.06,1,0.0,1,2.78,NORMAL
C1187243539,713801.33,713801.33,1,22243.0,0,29.0,NORMAL
C862688972,110405.5,110405.5,1,0.0,1,2.81,NORMAL
C1391305415,676485.66,676485.66,1,25863.0,0,27.88,NORMAL
C792437505,133825.69,133825.69,1,25655.49,0,1.68,NORMAL
C1435551228,272482.57,272482.57,1,237787.64,0,35.82,NORMAL
C772060960,195506.76,195506.76,1,0.0,1,3.15,NORMAL
C1447993746,159784.36,159784.36,1,0.0,1,2.01,NORMAL
C1798700165,77619.01,77619.01,1,0.0,1,4.09,NORMAL
C307728156,33239.46,33239.46,1,33239.46000000002,0,9.5,NORMAL
C1570844243,52898.47,52898.47,1,52898.45999999999,0,9.69,NORMAL
C174933319,18019.0,18019.0,1,0.0,1,12.02,NORMAL
C1425032039,56211.63,56211.63,1,0.0,1,5.18,NORMAL
C1566397552,65889.32,65889.32,1,0.0,1,4.26,NORMAL
C1328960676,121812.64,121812.64,1,25038.0,0,2.2,NORMAL
C1989953293,114806.33,114806.33,1,0.0,1,2.56,NORMAL
C1738287151,39729.81,39729.81,1,39729.8,0,9.99,NORMAL
C1473517501,320964.75,320964.75,1,0.0,1,8.55,NORMAL
C1600923132,97291.96,97291.96,1,22899.0,0,2.61,NORMAL
C1646862868,207161.03,207161.03,1,207161.03000000003,0,29.85,NORMAL
C635014669,149485.29,149485.29,1,24709.0,0,1.24,NORMAL
C657439943,1119379.71,1119379.71,1,5051.0,0,44.65,NORMAL
C1110663099,530852.55,530852.55,1,0.0,1,23.26,NORMAL
C592022629,335101.78,335101.78,1,0.0,1,9.86,NORMAL
C1774062290,226629.86,226629.86,1,0.0,1,5.27,NORMAL
C1641656714,253813.73,253813.73,1,82636.0,0,10.81,NORMAL
C148529415,148529.93,148529.93,1,0.0,1,1.7,NORMAL
C1679126675,610367.71,610367.71,1,0.0,1,28.01,NORMAL
C768413669,33785.56,33785.56,1,33785.56,0,9.21,NORMAL
C1045086430,178979.01,178979.01,1,397.0,0,2.53,NORMAL
C161683137,163521.34,163521.34,1,32635.0,0,1.72,NORMAL
C544384066,108374.71,108374.71,1,0.0,1,3.16,NORMAL
C325363005,156933.76,156933.76,1,10275.0,0,0.17,NORMAL
C1175583573,788421.63,788421.63,1,28754.0,0,32.59,NORMAL
C1468822318,3331169.22,3331169.22,1,8412.0,0,74.17,AT_RISK
C1818208764,36467.35,36467.35,1,36467.35,0,9.74,NORMAL
C181258443,389001.24,389001.24,1,0.0,1,14.61,NORMAL
C2065838423,77846.52,77846.52,1,77846.52,0,12.92,NORMAL
C2021997671,283859.54,283859.54,1,0.0,1,7.02,NORMAL
C86659213,1290513.37,1290513.37,1,342.0,0,48.35,NORMAL
C1420617249,31211.21,31211.21,1,20441.0,0,6.83,NORMAL
C456002898,117033.81,117033.81,1,0.0,1,1.93,NORMAL
C1422789876,247626.53,247626.53,1,1233.0,0,3.56,NORMAL
C1196047335,177966.53,177966.53,1,393.0,0,2.49,NORMAL
C89448147,185769.22,185769.22,1,69191.0,0,7.98,NORMAL
C1506712317,74516.62,74516.62,1,64834.0,0,10.75,NORMAL
C1087786836,161223.96,161223.96,1,0.0,1,2.07,NORMAL
C915471899,8101.82,8101.82,1,0.0,1,17.69,NORMAL
C515608059,133917.14,133917.14,1,0.0,1,1.68,NORMAL
C278526929,96192.3,96192.3,1,0.0,1,3.4,NORMAL
C913201390,36258.99,36258.99,1,36258.99,0,9.69,NORMAL
C297217838,66009.15,66009.15,1,0.0,1,4.26,NORMAL
C1234081622,346627.16,346627.16,1,168052.0,0,27.21,NORMAL
C1023426905,203218.27,203218.27,1,0.0,1,3.56,NORMAL
C1578732489,624713.14,624713.14,1,0.0,1,28.4,NORMAL
C970849252,195790.24,195790.24,1,0.0,1,3.17,NORMAL
C1353208340,44367.77,44367.77,1,44367.770000000004,0,9.79,NORMAL
C455218159,48864.61,48864.61,1,0.0,1,5.85,NORMAL
C2094554936,2083923.92,2083923.92,1,0.0,1,64.28,AT_RISK
C1662457542,189322.94,189322.94,1,4468.0,0,2.6,NORMAL
C1474118500,94811.92,94811.92,1,0.0,1,3.79,NORMAL
C1290528116,695527.74,695527.74,1,0.0,1,32.3,NORMAL
C743946513,45538.05,45538.05,1,0.0,1,5.82,NORMAL
C262473972,1105566.81,1105566.81,1,8867.0,0,44.19,NORMAL
C1468107421,123424.56,123424.56,1,0.0,1,2.0,NORMAL
C1686917354,876885.39,876885.39,1,100606.29,0,44.69,NORMAL
C724339580,42063.09,42063.09,1,1287.0,0,7.36,NORMAL
C407542871,597275.35,597275.35,1,315018.0,0,58.85,AT_RISK
C1848649202,247422.86,247422.86,1,0.0,1,5.46,NORMAL
C392557585,28979346.84,28979346.84,1,0.0,1,98.47,FRAUD
C1472526728,147727.21,147727.21,1,0.0,1,1.85,NORMAL
C1839498372,64007.13,64007.13,1,177.0,0,6.36,NORMAL
C1138509475,39712.4,39712.4,1,25164.0,0,6.88,NORMAL
C1979118353,27009.04,27009.04,1,0.0,1,10.25,NORMAL
C2008002325,505250.45,505250.45,1,0.0,1,22.23,NORMAL
C607517543,81417.65,81417.65,1,0.0,1,4.2,NORMAL
C1681378135,97746.77,97746.77,1,21425.0,0,2.17,NORMAL
C310627167,97045.05,97045.05,1,0.0,1,3.28,NORMAL
C101580253,169066.72,169066.72,1,35713.0,0,2.09,NORMAL
C194844507,368748.0,368748.0,1,0.0,1,12.66,NORMAL
C1090821626,134645.56,134645.56,1,31861.0,0,2.59,NORMAL
C1184780682,15910.72,15910.72,1,0.0,1,13.43,NORMAL
C961295480,195560.2,195560.2,1,19373.0,0,1.66,NORMAL
C775646822,56638.15,56638.15,1,3251.0,0,5.56,NORMAL
C453206692,346480.85,346480.85,1,20771.0,0,7.36,NORMAL
C629493204,223702.46,223702.46,1,17859.0,0,2.6,NORMAL
C1375239528,1626361.78,1626361.78,1,0.0,1,57.72,AT_RISK
C1592379180,4540603.49,4540603.49,1,805486.0,0,95.47,FRAUD
C1370297784,395526.43,395526.43,1,0.0,1,14.94,NORMAL
C1077265738,372751.19,372751.19,1,0.0,1,12.69,NORMAL
C351876280,423439.94,423439.94,1,99087.0,0,23.47,NORMAL
C1064273758,297563.53,297563.53,1,0.0,1,6.83,NORMAL
C2043249462,153009.42,153009.42,1,7022.0,0,1.26,NORMAL
C2096346315,316106.29,316106.29,1,52058.0,0,8.83,NORMAL
C791011725,77454.63,77454.63,1,0.0,1,4.05,NORMAL
C2022944543,1067600.44,1067600.44,1,0.0,1,46.78,NORMAL
C904663264,188714.32,188714.32,1,0.0,1,3.79,NORMAL
C844724912,471208.88,471208.88,1,0.0,1,20.18,NORMAL
C767082451,152027.13,152027.13,1,0.0,1,1.74,NORMAL
C88176835,1094302.22,1094302.22,1,5031.0,0,44.18,NORMAL
C1455477306,240989.55,240989.55,1,10826.0,0,2.46,NORMAL
C1929957416,100338.48,100338.48,1,31679.0,0,3.72,NORMAL
C1188268626,530299.81,530299.81,1,0.0,1,22.99,NORMAL
C1443671413,71982.62,71982.62,1,71982.62,0,12.1,NORMAL
C324424184,111013.2,111013.2,1,0.0,1,2.75,NORMAL
C534649085,66351.27,66351.27,1,20795.0,0,3.53,NORMAL
C231592581,297091.83,297091.83,1,0.0,1,6.81,NORMAL
C1831536307,231726.61,231726.61,1,0.0,1,5.11,NORMAL
C2134901095,70338.31,70338.31,1,0.0,1,3.97,NORMAL
C1337261159,276437.64,276437.64,1,185.0,0,5.18,NORMAL
C1328000731,2001231.65,2001231.65,1,49946.0,0,62.02,AT_RISK
C721637010,642980.03,642980.03,1,0.0,1,29.26,NORMAL
C1685239489,584534.76,584534.76,1,0.0,1,27.36,NORMAL
C1832698457,32456.36,32456.36,1,0.0,1,9.3,NORMAL
C818257795,36860.08,36860.08,1,36860.08,0,9.72,NORMAL
C59378021,42888.28,42888.28,1,0.0,1,6.01,NORMAL
C865389599,551738.85,551738.85,1,0.0,1,24.67,NORMAL
C188740813,631975.08,631975.08,1,0.0,1,28.85,NORMAL
C1033265336,286928.67,286928.67,1,0.0,1,6.88,NORMAL
C857972494,238756.88,238756.88,1,0.0,1,5.09,NORMAL
C236058769,13186.75,13186.75,1,0.0,1,15.0,NORMAL
C1995530987,322628.88,322628.88,1,0.0,1,8.78,NORMAL
C433783760,349363.19,349363.19,1,22867.0,0,8.25,NORMAL
C154435424,18216809.87,18216809.87,1,0.0,1,97.22,FRAUD
C1798263472,324067.84,324067.84,1,42917.0,0,8.59,NORMAL
C443398380,172703.35,172703.35,1,63805.0,0,6.36,NORMAL
C242612180,259492.08,259492.08,1,50665.0,0,6.72,NORMAL
C1723677400,783207.98,783207.98,1,0.0,1,36.79,NORMAL
C1026394051,311280.71,311280.71,1,34055.0,0,6.81,NORMAL
C2101845742,223541.96,223541.96,1,84362.69,0,10.24,NORMAL
C1445614674,2805806.23,2805806.23,1,1944.0,0,69.3,AT_RISK
C1960447304,434661.81,434661.81,1,63.0,0,14.44,NORMAL
C1301129740,55900.26,55900.26,1,0.0,1,5.18,NORMAL
C160753255,52346.29,52346.29,1,50570.0,0,9.03,NORMAL
C1849669538,231753.19,231753.19,1,0.0,1,5.11,NORMAL
C287275635,82506.47,82506.47,1,20384.0,0,2.48,NORMAL
C882875175,377451.3,377451.3,1,23417.0,0,10.08,NORMAL
C1495347674,4060320.47,4060320.47,1,0.0,1,81.36,FRAUD
C2076092299,134589.66,134589.66,1,6343.0,0,1.78,NORMAL
C1628572245,569949.48,569949.48,1,0.0,1,26.21,NORMAL
C977495506,34111.21,34111.21,1,34111.20999999996,0,9.4,NORMAL
C1615512188,201677.03,201677.03,1,49386.0,0,4.91,NORMAL
C846563066,1734939.71,1734939.71,1,0.0,1,59.67,AT_RISK
C549205023,839992.32,839992.32,1,0.0,1,38.24,NORMAL
C227312652,9172856.16,9172856.16,1,0.0,1,93.49,FRAUD
C502582065,68002.57,68002.57,1,1782.0,0,4.71,NORMAL
C1212248826,14248.91,14248.91,1,0.0,1,14.19,NORMAL
C1231519749,97504.96,97504.96,1,7076.0,0,3.14,NORMAL
C2081873968,70515.41,70515.41,1,0.0,1,4.02,NORMAL
C1633848999,76672.16,76672.16,1,29717.0,0,4.34,NORMAL
C1569510732,778425.76,778425.76,1,104108.0,0,40.88,NORMAL
C1595284359,290271.76,290271.76,1,10201.0,0,4.27,NORMAL
C1181703319,91287.69,91287.69,1,380.0,0,4.53,NORMAL
C1842123476,629601.24,629601.24,1,0.0,1,28.83,NORMAL
C601878301,147459.56,147459.56,1,1100.0,0,2.11,NORMAL
C651634467,420417.8,420417.8,1,199768.0,0,36.27,NORMAL
C1387883974,140814.11,140814.11,1,26641.0,0,2.28,NORMAL
C1633357357,30613.74,30613.74,1,30613.73999999999,0,9.37,NORMAL
C1502863365,179450.04,179450.04,1,0.0,1,2.68,NORMAL
C648444647,98076.15,98076.15,1,0.0,1,2.73,NORMAL
C426168733,272191.08,272191.08,1,52057.0,0,7.53,NORMAL
C572431953,428285.99,428285.99,1,0.0,1,17.21,NORMAL
C1587340905,309332.85,309332.85,1,0.0,1,6.8,NORMAL
C318502835,68698.41,68698.41,1,0.0,1,3.81,NORMAL
C1865489042,200292.11,200292.11,1,200292.12000000005,0,28.53,NORMAL
C1612534605,181858.4,181858.4,1,23951.0,0,0.69,NORMAL
C925660098,260272.95,260272.95,1,20809.0,0,3.04,NORMAL
C1326754352,5916706.04,5916706.04,1,8906.67,0,84.85,FRAUD
C95888305,39011.57,39011.57,1,821.0,0,8.2,NORMAL
C1558349658,162016.99,162016.99,1,0.0,1,1.99,NORMAL
C1565581702,780876.3,780876.3,1,21360.0,0,31.54,NORMAL
C165286310,183256.03,183256.03,1,19429.0,0,1.28,NORMAL
C280018385,67193.96,67193.96,1,0.0,1,4.31,NORMAL
C370783133,301988.9,301988.9,1,0.0,1,6.85,NORMAL
C789528103,200009.07,200009.07,1,11161.0,0,1.79,NORMAL
C500516375,135144.33,135144.33,1,0.0,1,1.59,NORMAL
C746861243,300753.4,300753.4,1,24536.0,0,4.56,NORMAL
C1883175136,157934.41,157934.41,1,50861.0,0,4.1,NORMAL
C1262376507,194413.03,194413.03,1,194413.03,0,27.61,NORMAL
C478839849,303571.59,303571.59,1,0.0,1,6.75,NORMAL
C1142793616,314997.88,314997.88,1,0.0,1,7.94,NORMAL
C1794890380,2535425.29,2535425.29,1,21175.0,0,67.08,AT_RISK
C589526339,55583.59,55583.59,1,0.0,1,5.1,NORMAL
C1120805806,3248.32,3248.32,1,3248.320000000007,0,15.09,NORMAL
C539501,46700.69,46700.69,1,1133.0,0,6.79,NORMAL
C246183654,518784.14,518784.14,1,479701.71,0,63.87,AT_RISK
C752527683,82100.2,82100.2,1,0.0,1,4.42,NORMAL
C794048713,54687.3,54687.3,1,54687.3,0,10.67,NORMAL
C983155888,394103.15,394103.15,1,0.0,1,14.93,NORMAL
C309833771,387403.14,387403.14,1,4523.0,0,11.47,NORMAL
C1050072728,3384097.78,3384097.78,1,51532.0,0,76.31,AT_RISK
C149261458,44172.62,44172.62,1,44172.62,0,9.75,NORMAL
C1483804397,570065.97,570065.97,1,0.0,1,26.24,NORMAL
C1482968518,187302.66,187302.66,1,0.0,1,3.85,NORMAL
C689212625,42155.48,42155.48,1,0.0,1,6.03,NORMAL
C2067338871,198190.86,198190.86,1,0.0,1,3.32,NORMAL
C1320841256,65348.58,65348.58,1,278.0,0,5.86,NORMAL
C840366676,92296.06,92296.06,1,92296.06,0,13.96,NORMAL
C1374053433,133943.55,133943.55,1,25592.6,0,1.68,NORMAL
